user_id,status_id,created_at,screen_name,text,source,display_text_width,reply_to_status_id,reply_to_user_id,reply_to_screen_name,is_quote,is_retweet,favorite_count,retweet_count,quote_count,reply_count,hashtags,symbols,urls_url,urls_t.co,urls_expanded_url,media_url,media_t.co,media_expanded_url,media_type,ext_media_url,ext_media_t.co,ext_media_expanded_url,ext_media_type,mentions_user_id,mentions_screen_name,lang,quoted_status_id,quoted_text,quoted_created_at,quoted_source,quoted_favorite_count,quoted_retweet_count,quoted_user_id,quoted_screen_name,quoted_name,quoted_followers_count,quoted_friends_count,quoted_statuses_count,quoted_location,quoted_description,quoted_verified,retweet_status_id,retweet_text,retweet_created_at,retweet_source,retweet_favorite_count,retweet_retweet_count,retweet_user_id,retweet_screen_name,retweet_name,retweet_followers_count,retweet_friends_count,retweet_statuses_count,retweet_location,retweet_description,retweet_verified,place_url,place_name,place_full_name,place_type,country,country_code,geo_coords,coords_coords,bbox_coords,status_url,name,location,description,url,protected,followers_count,friends_count,listed_count,statuses_count,favourites_count,account_created_at,verified,profile_url,profile_expanded_url,account_lang,profile_banner_url,profile_background_url,profile_image_url
4574806453,1409717268246798354,2021-06-29T03:36:02Z,__WORD_PLAY__,"Innocent Hebrew
https://t.co/g9T0ABi9L5
Innocent Greek 
https://t.co/F1XmGNhier
Differences Between Innocent &amp; Naive
https://t.co/QDIyDmA44c

üòí #CommonCore: Innocence Is So Outdated 
https://t.co/XtKh8f6aQm
https://t.co/KZZYhAXhqV
https://t.co/slQhFhDYc9
https://t.co/MDDlGXJBFq",Twitter for Android,282,NA,NA,NA,FALSE,FALSE,0,0,NA,NA,CommonCore,NA,biblescan.com/searchhebrew.p‚Ä¶ biblescan.com/searchgreek.ph‚Ä¶ differencebetween.net/science/nature‚Ä¶ keepyourchildsafe.org/psychology/chi‚Ä¶ academic.oup.com/bjsw/article/4‚Ä¶ representingchildhood.pitt.edu/romantic_child‚Ä¶ representingchildhood.pitt.edu/victorian.htm,https://t.co/g9T0ABi9L5 https://t.co/F1XmGNhier https://t.co/QDIyDmA44c https://t.co/XtKh8f6aQm https://t.co/KZZYhAXhqV https://t.co/slQhFhDYc9 https://t.co/MDDlGXJBFq,https://biblescan.com/searchhebrew.php?q=innocent https://biblescan.com/searchgreek.php?q=innocent http://www.differencebetween.net/science/nature/difference-between-naive-and-innocent/ http://www.keepyourchildsafe.org/psychology/childhood-innocence.html https://academic.oup.com/bjsw/article/46/8/2173/2670105 http://www.representingchildhood.pitt.edu/romantic_child.htm https://www.representingchildhood.pitt.edu/victorian.htm,NA,NA,NA,NA,NA,NA,NA,NA,NA,NA,en,NA,NA,NA,NA,NA,NA,NA,NA,NA,NA,NA,NA,NA,NA,NA,NA,NA,NA,NA,NA,NA,NA,NA,NA,NA,NA,NA,NA,NA,NA,NA,NA,NA,NA,NA,NA,NA NA,NA NA,NA NA NA NA NA NA NA NA,https://twitter.com/__WORD_PLAY__/status/1409717268246798354,princessofthaking,[[415]] ,"#Libertarian
#DoublePisces
#VirgoMoon
#Enneagram4 
#ENFP
‚ú¥Ô∏èRememberJesus‚ú¥Ô∏è
https://t.co/UiqN2RvG00
üïØÔ∏è#TheSongbirdLegacy #ADOS https://t.co/9ZgDUUJEok",https://t.co/aBqiu928MF,FALSE,421,664,0,18697,24243,2015-12-16T11:44:31Z,FALSE,https://t.co/aBqiu928MF,https://disqus.com/by/princezzofthaking/,NA,https://pbs.twimg.com/profile_banners/4574806453/1573911099,NA,http://pbs.twimg.com/profile_images/947997671762968577/41I-gVdY_normal.jpg
1704888684,1409572572749078530,2021-06-28T18:01:04Z,gbheducation,Students explore planetary transits and related data to support their understanding of Kepler‚Äôs laws of planetary motion in this lesson on PBS LearningMedia. Student support materials include #NonVisual support: https://t.co/X2QifDoB40 #ELL #SciChat #CommonCore #Accessibility,Sprout Social,276,NA,NA,NA,FALSE,FALSE,0,0,NA,NA,NonVisual ELL SciChat CommonCore Accessibility,NA,bit.ly/2TytryH,https://t.co/X2QifDoB40,https://bit.ly/2TytryH,NA,NA,NA,NA,NA,NA,NA,NA,NA,NA,en,NA,NA,NA,NA,NA,NA,NA,NA,NA,NA,NA,NA,NA,NA,NA,NA,NA,NA,NA,NA,NA,NA,NA,NA,NA,NA,NA,NA,NA,NA,NA,NA,NA,NA,NA,NA,NA NA,NA NA,NA NA NA NA NA NA NA NA,https://twitter.com/gbheducation/status/1409572572749078530,GBH Education,"Boston, MA","A leader in free media-based resources for teachers and students, we're committed to promoting STEM initiatives & to supporting Massachusetts educators.",http://t.co/EDX7GtuQUj,FALSE,5343,2228,175,9514,2857,2013-08-27T15:10:28Z,FALSE,http://t.co/EDX7GtuQUj,http://pbslearningmedia.org/,NA,https://pbs.twimg.com/profile_banners/1704888684/1599577075,http://abs.twimg.com/images/themes/theme1/bg.png,http://pbs.twimg.com/profile_images/1300785853061627906/6bceH4U4_normal.png
1245966809599107073,1409449973306081280,2021-06-28T09:53:54Z,DistanceLrnBot,"#Luca Movie Guide | Worksheet | Questions | Google Classroom (PG - 2021) challenges students to analyze characters, their decisions and relationships. #SeaMonster #GoogleClassroom #GoogleForms #Teachers #MovieGuides #CCSS #Homeschooling #DistanceLearning

https://t.co/ENIuEHNUB0",Distance Learning Bot,140,NA,NA,NA,FALSE,TRUE,0,1,NA,NA,Luca,NA,NA,NA,NA,NA,NA,NA,NA,NA,NA,NA,NA,905765240603684865,k12movieguides,en,NA,NA,NA,NA,NA,NA,NA,NA,NA,NA,NA,NA,NA,NA,NA,1409446331261669380,"#Luca Movie Guide | Worksheet | Questions | Google Classroom (PG - 2021) challenges students to analyze characters, their decisions and relationships. #SeaMonster #GoogleClassroom #GoogleForms #Teachers #MovieGuides #CCSS #Homeschooling #DistanceLearning

https://t.co/ENIuEHNUB0",2021-06-28T09:39:26Z,Twitter Web App,1,1,905765240603684865,k12movieguides,K12movieguides,42,106,634,Global,On the quest for movie educational mastery! https://t.co/giJRXwlMJB,FALSE,NA,NA,NA,NA,NA,NA,NA NA,NA NA,NA NA NA NA NA NA NA NA,https://twitter.com/DistanceLrnBot/status/1409449973306081280,#DistanceLearning Bot,San Diego,"Follow this account to get Tweets with hashtag #distancelearning in your timeline.  Share, learn, & support students together.  Managed by @MrsJennCarr.",NA,FALSE,1399,0,7,47680,25,2020-04-03T06:50:44Z,FALSE,NA,NA,NA,https://pbs.twimg.com/profile_banners/1245966809599107073/1585897823,NA,http://pbs.twimg.com/profile_images/1245971188301434881/BOWXaeLj_normal.jpg
905765240603684865,1409446331261669380,2021-06-28T09:39:26Z,k12movieguides,"#Luca Movie Guide | Worksheet | Questions | Google Classroom (PG - 2021) challenges students to analyze characters, their decisions and relationships. #SeaMonster #GoogleClassroom #GoogleForms #Teachers #MovieGuides #CCSS #Homeschooling #DistanceLearning

https://t.co/ENIuEHNUB0",Twitter Web App,279,NA,NA,NA,FALSE,FALSE,1,1,NA,NA,Luca SeaMonster GoogleClassroom GoogleForms Teachers MovieGuides CCSS Homeschooling DistanceLearning,NA,k12movieguides.com/product/luca-m‚Ä¶,https://t.co/ENIuEHNUB0,https://k12movieguides.com/product/luca-movie-guide-worksheet-questions-pg-2021/,NA,NA,NA,NA,NA,NA,NA,NA,NA,NA,en,NA,NA,NA,NA,NA,NA,NA,NA,NA,NA,NA,NA,NA,NA,NA,NA,NA,NA,NA,NA,NA,NA,NA,NA,NA,NA,NA,NA,NA,NA,NA,NA,NA,NA,NA,NA,NA NA,NA NA,NA NA NA NA NA NA NA NA,https://twitter.com/k12movieguides/status/1409446331261669380,K12movieguides,Global,On the quest for movie educational mastery! https://t.co/giJRXwlMJB,https://t.co/giJRXwlMJB,FALSE,42,106,0,634,253,2017-09-07T12:10:36Z,FALSE,https://t.co/giJRXwlMJB,http://k12movieguides.com,NA,https://pbs.twimg.com/profile_banners/905765240603684865/1507802988,NA,http://pbs.twimg.com/profile_images/918418424585273344/Jz3xOp8x_normal.jpg
905765240603684865,1407888348090290179,2021-06-24T02:28:34Z,k12movieguides,"Over the Moon Movie Guide | Worksheet | Questions | Google Classroom (PG - 2020) challenges students to analyze characters, their decisions and relationships. #OvertheMoon #mooncakes #GoogleClassroom  #Teachers #MovieGuides  #CCSS #Homeschooling 

https://t.co/jkN8GIjfci",Twitter Web App,271,NA,NA,NA,FALSE,FALSE,1,0,NA,NA,OvertheMoon mooncakes GoogleClassroom Teachers MovieGuides CCSS Homeschooling,NA,k12movieguides.com/product/over-t‚Ä¶,https://t.co/jkN8GIjfci,https://k12movieguides.com/product/over-the-moon-movie-guide-worksheet-questions/,NA,NA,NA,NA,NA,NA,NA,NA,NA,NA,en,NA,NA,NA,NA,NA,NA,NA,NA,NA,NA,NA,NA,NA,NA,NA,NA,NA,NA,NA,NA,NA,NA,NA,NA,NA,NA,NA,NA,NA,NA,NA,NA,NA,NA,NA,NA,NA NA,NA NA,NA NA NA NA NA NA NA NA,https://twitter.com/k12movieguides/status/1407888348090290179,K12movieguides,Global,On the quest for movie educational mastery! https://t.co/giJRXwlMJB,https://t.co/giJRXwlMJB,FALSE,42,106,0,634,253,2017-09-07T12:10:36Z,FALSE,https://t.co/giJRXwlMJB,http://k12movieguides.com,NA,https://pbs.twimg.com/profile_banners/905765240603684865/1507802988,NA,http://pbs.twimg.com/profile_images/918418424585273344/Jz3xOp8x_normal.jpg
1164168857256435712,1409339011957760011,2021-06-28T02:32:59Z,WEquilSchool,"Why public schools should focus more on building #Confidence instead of forced #Learning.

@WEquilSchool @SumayLu #Flutterista #Flutter #CommonCore #EdTech #EducationRevolution #Homeschooling #CharterSchool #Unschooling $LRN $COUR 

https://t.co/ZHGCflphcP https://t.co/dkKgLaHKm0",Twitter for iPhone,140,NA,NA,NA,FALSE,TRUE,0,3,NA,NA,Confidence Learning,NA,NA,NA,NA,NA,NA,NA,NA,NA,NA,NA,NA,118418469 1164168857256435712 814480845394284546,JoeWEquil WEquilSchool SumayLu,en,NA,NA,NA,NA,NA,NA,NA,NA,NA,NA,NA,NA,NA,NA,NA,1409336152105050113,"Why public schools should focus more on building #Confidence instead of forced #Learning.

@WEquilSchool @SumayLu #Flutterista #Flutter #CommonCore #EdTech #EducationRevolution #Homeschooling #CharterSchool #Unschooling $LRN $COUR 

https://t.co/ZHGCflphcP https://t.co/dkKgLaHKm0",2021-06-28T02:21:37Z,Twitter for iPhone,6,3,118418469,JoeWEquil,Joe WEquil,273,641,484,"Virginia, USA",Helping my daughters @SumayLu #Flutterista @AilaWEquil grow @WEquilSchool so kids anywhere can learn to leverage unique strengths to change the world.,FALSE,NA,NA,NA,NA,NA,NA,NA NA,NA NA,NA NA NA NA NA NA NA NA,https://twitter.com/WEquilSchool/status/1409339011957760011,WEquil.School,"Haycock Elementary School, VA","Self-directed, project based, learning platform. We help kids do big things like build #Flutter #Apps and launch #Startups. Subsidiary of @WEquilGroup.",https://t.co/RLSJJ4GgMs,FALSE,104,682,0,289,486,2019-08-21T13:34:33Z,FALSE,https://t.co/RLSJJ4GgMs,http://www.WEquil.school,NA,https://pbs.twimg.com/profile_banners/1164168857256435712/1624829665,NA,http://pbs.twimg.com/profile_images/1381006354484183040/KIBg0339_normal.jpg
1277715645430468608,1409336174330662915,2021-06-28T02:21:42Z,fluttbot,"Why public schools should focus more on building #Confidence instead of forced #Learning.

@WEquilSchool @SumayLu #Flutterista #Flutter #CommonCore #EdTech #EducationRevolution #Homeschooling #CharterSchool #Unschooling $LRN $COUR 

https://t.co/ZHGCflphcP https://t.co/dkKgLaHKm0",fluttbot,140,NA,NA,NA,FALSE,TRUE,0,3,NA,NA,Confidence Learning,NA,NA,NA,NA,NA,NA,NA,NA,NA,NA,NA,NA,118418469 1164168857256435712 814480845394284546,JoeWEquil WEquilSchool SumayLu,en,NA,NA,NA,NA,NA,NA,NA,NA,NA,NA,NA,NA,NA,NA,NA,1409336152105050113,"Why public schools should focus more on building #Confidence instead of forced #Learning.

@WEquilSchool @SumayLu #Flutterista #Flutter #CommonCore #EdTech #EducationRevolution #Homeschooling #CharterSchool #Unschooling $LRN $COUR 

https://t.co/ZHGCflphcP https://t.co/dkKgLaHKm0",2021-06-28T02:21:37Z,Twitter for iPhone,6,3,118418469,JoeWEquil,Joe WEquil,273,641,484,"Virginia, USA",Helping my daughters @SumayLu #Flutterista @AilaWEquil grow @WEquilSchool so kids anywhere can learn to leverage unique strengths to change the world.,FALSE,NA,NA,NA,NA,NA,NA,NA NA,NA NA,NA NA NA NA NA NA NA NA,https://twitter.com/fluttbot/status/1409336174330662915,Flutter ü§ñ,,"I retweet your tweets with #flutter

Write me to add more hastags! üëá

made by @alfredobs97",https://t.co/yRx1uxTby1,FALSE,1545,4,27,221501,5,2020-06-29T21:29:08Z,FALSE,https://t.co/yRx1uxTby1,http://alfredobautista.tech,NA,https://pbs.twimg.com/profile_banners/1277715645430468608/1593601867,NA,http://pbs.twimg.com/profile_images/1279076808529530880/bA7hPPiQ_normal.jpg
118418469,1409336152105050113,2021-06-28T02:21:37Z,JoeWEquil,"Why public schools should focus more on building #Confidence instead of forced #Learning.

@WEquilSchool @SumayLu #Flutterista #Flutter #CommonCore #EdTech #EducationRevolution #Homeschooling #CharterSchool #Unschooling $LRN $COUR 

https://t.co/ZHGCflphcP https://t.co/dkKgLaHKm0",Twitter for iPhone,280,NA,NA,NA,FALSE,FALSE,6,3,NA,NA,Confidence Learning Flutterista Flutter CommonCore EdTech EducationRevolution Homeschooling CharterSchool Unschooling,LRN COUR,wequil.school/post/principle‚Ä¶ twitter.com/i/broadcasts/1‚Ä¶,https://t.co/ZHGCflphcP https://t.co/dkKgLaHKm0,https://www.wequil.school/post/principles-of-learning https://twitter.com/i/broadcasts/1zqKVXXkzXMJB,NA,NA,NA,NA,NA,NA,NA,NA,1164168857256435712 814480845394284546,WEquilSchool SumayLu,en,NA,NA,NA,NA,NA,NA,NA,NA,NA,NA,NA,NA,NA,NA,NA,NA,NA,NA,NA,NA,NA,NA,NA,NA,NA,NA,NA,NA,NA,NA,NA,NA,NA,NA,NA,NA,NA NA,NA NA,NA NA NA NA NA NA NA NA,https://twitter.com/JoeWEquil/status/1409336152105050113,Joe WEquil,"Virginia, USA",Helping my daughters @SumayLu #Flutterista @AilaWEquil grow @WEquilSchool so kids anywhere can learn to leverage unique strengths to change the world.,https://t.co/o0K8KONMFx,FALSE,273,641,3,484,680,2010-02-28T16:39:37Z,FALSE,https://t.co/o0K8KONMFx,http://WEquil.school,NA,https://pbs.twimg.com/profile_banners/118418469/1622429142,http://abs.twimg.com/images/themes/theme1/bg.png,http://pbs.twimg.com/profile_images/1350563653746122752/MhtffthJ_normal.jpg
1269383656575025155,1409249929265025024,2021-06-27T20:39:00Z,BodShameless,"Here's how you make a generation of mentally crippled, government dependant sheep. #commoncore @math #educational #funny #conedy https://t.co/ttdiAxEuut",Twitter for Android,128,NA,NA,NA,FALSE,FALSE,0,0,NA,NA,commoncore educational funny conedy,NA,NA,NA,NA,http://pbs.twimg.com/ext_tw_video_thumb/1409249892032303107/pu/img/GVC5bF4TJgfAcNua.jpg,https://t.co/ttdiAxEuut,https://twitter.com/BodShameless/status/1409249929265025024/video/1,photo,http://pbs.twimg.com/ext_tw_video_thumb/1409249892032303107/pu/img/GVC5bF4TJgfAcNua.jpg,https://t.co/ttdiAxEuut,https://twitter.com/BodShameless/status/1409249929265025024/video/1,NA,671173,Math,en,NA,NA,NA,NA,NA,NA,NA,NA,NA,NA,NA,NA,NA,NA,NA,NA,NA,NA,NA,NA,NA,NA,NA,NA,NA,NA,NA,NA,NA,NA,NA,NA,NA,NA,NA,NA,NA NA,NA NA,NA NA NA NA NA NA NA NA,https://twitter.com/BodShameless/status/1409249929265025024,ShamelessDadBod,,"A chubby streamer with a wife, two kids, three pets, and a severe lack of talent and skill. I'm the premier source of dad bod on the Internet!",NA,FALSE,9,36,1,232,5,2020-06-06T21:42:41Z,FALSE,NA,NA,NA,https://pbs.twimg.com/profile_banners/1269383656575025155/1600565540,NA,http://pbs.twimg.com/profile_images/1269384294025355265/kmckBEXf_normal.jpg
75184478,1409200843245633536,2021-06-27T17:23:57Z,warriors_mom,Families that switched to home school say they won't go back! üëèüèæüëèüèæüëèüèæüëèüèæüëèüèæüëèüèæüëèüèæüëèüèæüëèüèæüëèüèæüëèüèæüëèüèæüëèüèæ Washington Times #StopCRT #StopCommonCore #StopEducationAbuse  https://t.co/TwDL8l794D,Twitter for iPhone,175,NA,NA,NA,FALSE,FALSE,0,0,NA,NA,StopCRT StopCommonCore StopEducationAbuse,NA,washingtontimes.com/news/2021/jun/‚Ä¶,https://t.co/TwDL8l794D,https://www.washingtontimes.com/news/2021/jun/27/families-that-switched-to-home-school-say-they-won/,NA,NA,NA,NA,NA,NA,NA,NA,NA,NA,en,NA,NA,NA,NA,NA,NA,NA,NA,NA,NA,NA,NA,NA,NA,NA,NA,NA,NA,NA,NA,NA,NA,NA,NA,NA,NA,NA,NA,NA,NA,NA,NA,NA,NA,NA,NA,NA NA,NA NA,NA NA NA NA NA NA NA NA,https://twitter.com/warriors_mom/status/1409200843245633536,TheCyberChick,MN lakes to TN mountains,#MilitaryFamily #CyberSecurity Personal IMHO acct here. I ask tough questions. All tweets subject to misinterpretation. Proudly Biracial.,https://t.co/AWXR0ex3iu,FALSE,8844,9368,604,266229,89749,2009-09-18T02:58:17Z,FALSE,https://t.co/AWXR0ex3iu,http://www.ReconComputing.com,NA,https://pbs.twimg.com/profile_banners/75184478/1398269871,http://abs.twimg.com/images/themes/theme1/bg.png,http://pbs.twimg.com/profile_images/554705065047388160/15Pf51AV_normal.jpeg
7117302,1409055938598817792,2021-06-27T07:48:09Z,ozsultan,"@sfchronicle This is even more evidence that we need a complete overhaul of the American educational system to plan for the wildly different tech connected job force of now and the next 50 years

#OBE, #CRT, #CommonCore and dated curricula are failing our children",Twitter for iPhone,251,1409052478277103616,121597316,sfchronicle,FALSE,FALSE,1,0,NA,NA,OBE CRT CommonCore,NA,NA,NA,NA,NA,NA,NA,NA,NA,NA,NA,NA,121597316,sfchronicle,en,NA,NA,NA,NA,NA,NA,NA,NA,NA,NA,NA,NA,NA,NA,NA,NA,NA,NA,NA,NA,NA,NA,NA,NA,NA,NA,NA,NA,NA,NA,NA,NA,NA,NA,NA,NA,NA NA,NA NA,NA NA NA NA NA NA NA NA,https://twitter.com/ozsultan/status/1409055938598817792,Oz Sultan,"New York, NY","#Blockchain and #Defi strategy, #Counterterrorism, District Leader AD70 #Harlem üá∫üá∏, #Interfaith, #AntiHumanTrafficking Advisor @paccoinofficial @radiologex",NA,FALSE,8806,8219,496,65281,34123,2007-06-27T20:09:29Z,FALSE,NA,NA,NA,https://pbs.twimg.com/profile_banners/7117302/1604779224,http://abs.twimg.com/images/themes/theme1/bg.png,http://pbs.twimg.com/profile_images/1299446694011076619/MLuJLPXq_normal.jpg
984570229496864768,1408873016440745984,2021-06-26T19:41:17Z,StillFreeSCOTTY,This is #CommonCore https://t.co/RWJRFaxVao,Twitter for Android,19,NA,NA,NA,FALSE,FALSE,0,0,NA,NA,CommonCore,NA,NA,NA,NA,http://pbs.twimg.com/media/E41SioTVoAAvemA.jpg,https://t.co/RWJRFaxVao,https://twitter.com/StillFreeSCOTTY/status/1408873016440745984/photo/1,photo,http://pbs.twimg.com/media/E41SioTVoAAvemA.jpg,https://t.co/RWJRFaxVao,https://twitter.com/StillFreeSCOTTY/status/1408873016440745984/photo/1,NA,NA,NA,en,NA,NA,NA,NA,NA,NA,NA,NA,NA,NA,NA,NA,NA,NA,NA,NA,NA,NA,NA,NA,NA,NA,NA,NA,NA,NA,NA,NA,NA,NA,NA,NA,NA,NA,NA,NA,NA NA,NA NA,NA NA NA NA NA NA NA NA,https://twitter.com/StillFreeSCOTTY/status/1408873016440745984,FreeThinkingPatriotNeanderthal,http://RecallGavin2020.com,"üóΩYOU CAN'T BE FOR BIG GOVERNMENT, BIG TAXES, AND BIG BUREAUCRACY AND STILL BE FOR THE LITTLE GUY~Ronald Reaganüá∫üá≤TrumpDeSantis2024üá∫üá∏

#RecallGavinNewsomüíÄ",https://t.co/CJymKN0s1x,FALSE,3962,3613,1,71267,108578,2018-04-12T23:13:29Z,FALSE,https://t.co/CJymKN0s1x,http://blackgenocide.org/planned.html,NA,https://pbs.twimg.com/profile_banners/984570229496864768/1616503944,NA,http://pbs.twimg.com/profile_images/1374363962830098434/NHUYmh_6_normal.jpg
22795980,1408785683934715907,2021-06-26T13:54:15Z,lelandprice,"My daughter's high school is so enamored with the suspect #CommonCore theory of education, that they have virtually eliminated the study of literature in the school.  Even the organization that lobbies for #CommonCore has serious internal disagreements as to it's validity.",Twitter Web App,273,NA,NA,NA,FALSE,FALSE,0,0,NA,NA,CommonCore CommonCore,NA,NA,NA,NA,NA,NA,NA,NA,NA,NA,NA,NA,NA,NA,en,NA,NA,NA,NA,NA,NA,NA,NA,NA,NA,NA,NA,NA,NA,NA,NA,NA,NA,NA,NA,NA,NA,NA,NA,NA,NA,NA,NA,NA,NA,NA,NA,NA,NA,NA,NA,NA NA,NA NA,NA NA NA NA NA NA NA NA,https://twitter.com/lelandprice/status/1408785683934715907,Leland Price,Los Angeles,"Producer, director, and writer.  Directing Fellow at the American Film Institute.  Childhood spent in Morocco and Turkey.  Ancestors - North and South Carolina",http://t.co/84lJdbw0du,FALSE,177,239,4,5588,10542,2009-03-04T16:35:01Z,FALSE,http://t.co/84lJdbw0du,http://www.lelandprice.com,NA,NA,http://abs.twimg.com/images/themes/theme1/bg.png,http://pbs.twimg.com/profile_images/555055515932184577/eRIQh_Ry_normal.jpeg
739293883411124226,1408778173739847681,2021-06-26T13:24:25Z,JWalshLitCoach,"If we‚Äôre going to talk about how to teach students to write stories, we should start by thinking about why we tell stories at all.
#engchat #teachingstrategies #CCSS #edchat #teachwriting #teaching
https://t.co/7OZSEz7CuH",Twitter for iPhone,140,NA,NA,NA,FALSE,TRUE,0,13,NA,NA,NA,NA,NA,NA,NA,NA,NA,NA,NA,NA,NA,NA,NA,1881304950,cultofpedagogy,en,NA,NA,NA,NA,NA,NA,NA,NA,NA,NA,NA,NA,NA,NA,NA,1405556248288927749,"If we‚Äôre going to talk about how to teach students to write stories, we should start by thinking about why we tell stories at all.
#engchat #teachingstrategies #CCSS #edchat #teachwriting #teaching
https://t.co/7OZSEz7CuH",2021-06-17T16:01:38Z,Buffer,83,13,1881304950,cultofpedagogy,Jennifer Gonzalez,155666,27266,23738,"Kentucky, USA",She/her. Mama of 3. I help teachers crush it in the classroom. Find my courses at https://t.co/QpAr75sLAC,FALSE,NA,NA,NA,NA,NA,NA,NA NA,NA NA,NA NA NA NA NA NA NA NA,https://twitter.com/JWalshLitCoach/status/1408778173739847681,Jenna Walsh,,She/Her | Instructional Coach | Literacy Specialist | Teacher,NA,FALSE,245,312,2,408,1748,2016-06-05T03:12:52Z,FALSE,NA,NA,NA,https://pbs.twimg.com/profile_banners/739293883411124226/1532700730,http://abs.twimg.com/images/themes/theme1/bg.png,http://pbs.twimg.com/profile_images/1407691322316800008/cRZ7K43h_normal.jpg
943872068117987329,1408716056332488708,2021-06-26T09:17:35Z,CivicViewPoint,"Stories of Us: Kari Lake
This is how #FakeNews has taken root. It starts in K-12 and the indoctrination continues in College. 

We can't get America back on track, if we don't START by fixing EDUCATION!
https://t.co/0TDvTa0jqi via @YouTube 
#StopCommonCore #StopHR1814 #StopS879",Twitter Web App,140,NA,NA,NA,FALSE,TRUE,0,2,NA,NA,FakeNews,NA,NA,NA,NA,NA,NA,NA,NA,NA,NA,NA,NA,943872068117987329,CivicViewPoint,en,NA,NA,NA,NA,NA,NA,NA,NA,NA,NA,NA,NA,NA,NA,NA,1404123321487216641,"Stories of Us: Kari Lake
This is how #FakeNews has taken root. It starts in K-12 and the indoctrination continues in College. 

We can't get America back on track, if we don't START by fixing EDUCATION!
https://t.co/0TDvTa0jqi via @YouTube 
#StopCommonCore #StopHR1814 #StopS879",2021-06-13T17:07:41Z,Twitter Web App,2,2,943872068117987329,CivicViewPoint,Citizen Jane ‚öîÔ∏è,4787,4730,17195,USA,"""Blessed is the nation whose God is The Lord.""
If I RT profanity or bad grammar, the message is important

#Christian #Conservative #ProLife #StopHR1814",FALSE,NA,NA,NA,NA,NA,NA,NA NA,NA NA,NA NA NA NA NA NA NA NA,https://twitter.com/CivicViewPoint/status/1408716056332488708,Citizen Jane ‚öîÔ∏è,USA,"""Blessed is the nation whose God is The Lord.""
If I RT profanity or bad grammar, the message is important

#Christian #Conservative #ProLife #StopHR1814",NA,FALSE,4787,4730,1,17195,3778,2017-12-21T15:53:32Z,FALSE,NA,NA,NA,https://pbs.twimg.com/profile_banners/943872068117987329/1622457200,http://abs.twimg.com/images/themes/theme1/bg.png,http://pbs.twimg.com/profile_images/1347438978526552064/h-aWVDYx_normal.jpg
943872068117987329,1407930222889082880,2021-06-24T05:14:57Z,CivicViewPoint,"Study: Majority of Liberal College Students Prefer Socialism, Not Proud to be From U.S. https://t.co/d6jpbfm6X8 #StopCRT #StopCommonCore #TCOT",Twitter Web App,142,NA,NA,NA,FALSE,FALSE,0,0,NA,NA,StopCRT StopCommonCore TCOT,NA,legalinsurrection.com/2021/06/study-‚Ä¶,https://t.co/d6jpbfm6X8,https://legalinsurrection.com/2021/06/study-majority-of-liberal-college-students-prefer-socialism-not-proud-to-be-from-u-s/,NA,NA,NA,NA,NA,NA,NA,NA,NA,NA,en,NA,NA,NA,NA,NA,NA,NA,NA,NA,NA,NA,NA,NA,NA,NA,NA,NA,NA,NA,NA,NA,NA,NA,NA,NA,NA,NA,NA,NA,NA,NA,NA,NA,NA,NA,NA,NA NA,NA NA,NA NA NA NA NA NA NA NA,https://twitter.com/CivicViewPoint/status/1407930222889082880,Citizen Jane ‚öîÔ∏è,USA,"""Blessed is the nation whose God is The Lord.""
If I RT profanity or bad grammar, the message is important

#Christian #Conservative #ProLife #StopHR1814",NA,FALSE,4787,4730,1,17195,3778,2017-12-21T15:53:32Z,FALSE,NA,NA,NA,https://pbs.twimg.com/profile_banners/943872068117987329/1622457200,http://abs.twimg.com/images/themes/theme1/bg.png,http://pbs.twimg.com/profile_images/1347438978526552064/h-aWVDYx_normal.jpg
918338611,1408614671733587968,2021-06-26T02:34:43Z,dougrafnson,@catturd2 @JohnPetersonFW Makes total sense when one incorporates ‚ÄúMy Friend Ten‚Äù‚Ä¶ #commoncore ü•¥,Twitter for iPhone,70,1408607884200513539,1043185714437992449,catturd2,FALSE,FALSE,1,0,NA,NA,commoncore,NA,NA,NA,NA,NA,NA,NA,NA,NA,NA,NA,NA,1043185714437992449 1158582738842206208,catturd2 JohnPetersonFW,en,NA,NA,NA,NA,NA,NA,NA,NA,NA,NA,NA,NA,NA,NA,NA,NA,NA,NA,NA,NA,NA,NA,NA,NA,NA,NA,NA,NA,NA,NA,NA,NA,NA,NA,NA,NA,NA NA,NA NA,NA NA NA NA NA NA NA NA,https://twitter.com/dougrafnson/status/1408614671733587968,Doug Rafnson,California Unfortunately,Average dude... sorry if that offends you (not really),NA,FALSE,170,186,2,3474,29930,2012-11-01T05:50:08Z,FALSE,NA,NA,NA,https://pbs.twimg.com/profile_banners/918338611/1603998520,http://abs.twimg.com/images/themes/theme1/bg.png,http://pbs.twimg.com/profile_images/769630973797335040/HGOprcWv_normal.jpg
814480845394284546,1408604488588574720,2021-06-26T01:54:15Z,SumayLu,@ConsiderThis19 @hapybrian @stillgray What needs to change about #CommonCore to help teach #CriticalThinking?,Twitter for iPhone,71,1405635368800509955,1138132116183683072,ConsiderThis19,FALSE,FALSE,0,0,NA,NA,CommonCore CriticalThinking,NA,NA,NA,NA,NA,NA,NA,NA,NA,NA,NA,NA,1138132116183683072 12002462 16106584,ConsiderThis19 hapybrian stillgray,en,NA,NA,NA,NA,NA,NA,NA,NA,NA,NA,NA,NA,NA,NA,NA,NA,NA,NA,NA,NA,NA,NA,NA,NA,NA,NA,NA,NA,NA,NA,NA,NA,NA,NA,NA,NA,NA NA,NA NA,NA NA NA NA NA NA NA NA,https://twitter.com/SumayLu/status/1408604488588574720,Sumay,,Founder and CEO of @WEquilSchool. #FlutterDev #Flutterista blogger and serial startup entrepreneur. Long distance learner. #INFJ #EdTech #StartUp #Flutter,NA,FALSE,194,460,0,200,315,2016-12-29T14:39:00Z,FALSE,NA,NA,NA,https://pbs.twimg.com/profile_banners/814480845394284546/1624830258,NA,http://pbs.twimg.com/profile_images/1350564442497495042/yv-76qW5_normal.jpg
814480845394284546,1408604253883703296,2021-06-26T01:53:19Z,SumayLu,@AuldShaneGamer Why? What‚Äôs wrong with #CommonCore?,Twitter for iPhone,35,1407065054348935169,1109163283045466112,AuldShaneGamer,FALSE,FALSE,0,0,NA,NA,CommonCore,NA,NA,NA,NA,NA,NA,NA,NA,NA,NA,NA,NA,1109163283045466112,AuldShaneGamer,en,NA,NA,NA,NA,NA,NA,NA,NA,NA,NA,NA,NA,NA,NA,NA,NA,NA,NA,NA,NA,NA,NA,NA,NA,NA,NA,NA,NA,NA,NA,NA,NA,NA,NA,NA,NA,NA NA,NA NA,NA NA NA NA NA NA NA NA,https://twitter.com/SumayLu/status/1408604253883703296,Sumay,,Founder and CEO of @WEquilSchool. #FlutterDev #Flutterista blogger and serial startup entrepreneur. Long distance learner. #INFJ #EdTech #StartUp #Flutter,NA,FALSE,194,460,0,200,315,2016-12-29T14:39:00Z,FALSE,NA,NA,NA,https://pbs.twimg.com/profile_banners/814480845394284546/1624830258,NA,http://pbs.twimg.com/profile_images/1350564442497495042/yv-76qW5_normal.jpg
814480845394284546,1408604964503629825,2021-06-26T01:56:08Z,SumayLu,@kalidasstw @FriedrichFiles @WSBRetard2 @nucholibre What need to change about #CommonCore?,Twitter for iPhone,38,1406102197377638402,1129044765373337605,kalidasstw,FALSE,FALSE,1,0,NA,NA,CommonCore,NA,NA,NA,NA,NA,NA,NA,NA,NA,NA,NA,NA,1129044765373337605 492461846 1355208561903591425 311827017,kalidasstw FriedrichFiles WSBRetard2 nucholibre,en,NA,NA,NA,NA,NA,NA,NA,NA,NA,NA,NA,NA,NA,NA,NA,NA,NA,NA,NA,NA,NA,NA,NA,NA,NA,NA,NA,NA,NA,NA,NA,NA,NA,NA,NA,NA,NA NA,NA NA,NA NA NA NA NA NA NA NA,https://twitter.com/SumayLu/status/1408604964503629825,Sumay,,Founder and CEO of @WEquilSchool. #FlutterDev #Flutterista blogger and serial startup entrepreneur. Long distance learner. #INFJ #EdTech #StartUp #Flutter,NA,FALSE,194,460,0,200,315,2016-12-29T14:39:00Z,FALSE,NA,NA,NA,https://pbs.twimg.com/profile_banners/814480845394284546/1624830258,NA,http://pbs.twimg.com/profile_images/1350564442497495042/yv-76qW5_normal.jpg
1123588820090478592,1408443318980153344,2021-06-25T15:13:49Z,DouglasHoltMD,"Abstract from #ASCO21 - work from @DrRebeccaHowel1 @LouisSConstine @SShrestha_1 @HoppeBrad and many more on cardiac substructure dosimetry in 25,481 survivors of childhood cancer in the #CCSS

- Mean heart dose &lt;10 Gy not associated with increased risk of cardiac diseases

BUT...",Twitter Web App,140,NA,NA,NA,FALSE,TRUE,0,9,NA,NA,ASCO21,NA,NA,NA,NA,NA,NA,NA,NA,NA,NA,NA,NA,1144740006113755137 1230516962054352902 91701248 1199449958954524673 870667042243981312,JamesBatesMD DrRebeccaHowel1 LouisSConstine SShrestha_1 HoppeBrad,en,NA,NA,NA,NA,NA,NA,NA,NA,NA,NA,NA,NA,NA,NA,NA,1395128273693249543,"Abstract from #ASCO21 - work from @DrRebeccaHowel1 @LouisSConstine @SShrestha_1 @HoppeBrad and many more on cardiac substructure dosimetry in 25,481 survivors of childhood cancer in the #CCSS

- Mean heart dose &lt;10 Gy not associated with increased risk of cardiac diseases

BUT...",2021-05-19T21:24:35Z,Twitter Web App,39,9,1144740006113755137,JamesBatesMD,James Bates,800,433,877,"Atlanta, GA","Asst Prof RadOnc @WinshipAtEmory #hncsm #lymsm

@UF RadOnc | @UofR MD | @sunygeneseo BS

Minimizing long-term effects of cancer.

Tweets=mine",FALSE,NA,NA,NA,NA,NA,NA,NA NA,NA NA,NA NA NA NA NA NA NA NA,https://twitter.com/DouglasHoltMD/status/1408443318980153344,Douglas Holt,"Aurora, CO",University of Colorado Radiation Oncology-Resident PGY-5 | Improving the Patient Experience | Virtual Reality for Patient Education | RadFlix Video Distraction,NA,FALSE,531,474,4,776,373,2019-05-01T14:03:44Z,FALSE,NA,NA,NA,https://pbs.twimg.com/profile_banners/1123588820090478592/1592416843,NA,http://pbs.twimg.com/profile_images/1320916879603568645/1QvXXL7R_normal.jpg
126075164,1408326779274682371,2021-06-25T07:30:44Z,Eco1stArt,"Climate change: Large-scale CO2 removal facility set for Scotland
https://t.co/pAzFQ8RPi4
#ClimateChamge #ClimateCrisis #ClimateAction #CCSS",Eco Promotions,140,NA,NA,NA,FALSE,TRUE,0,1,NA,NA,ClimateChamge ClimateCrisis,NA,bbc.co.uk/news/science-e‚Ä¶,https://t.co/pAzFQ8RPi4,https://www.bbc.co.uk/news/science-environment-57588248,NA,NA,NA,NA,NA,NA,NA,NA,256532293,bernieT36,en,NA,NA,NA,NA,NA,NA,NA,NA,NA,NA,NA,NA,NA,NA,NA,1408326152301821957,"Climate change: Large-scale CO2 removal facility set for Scotland
https://t.co/pAzFQ8RPi4
#ClimateChamge #ClimateCrisis #ClimateAction #CCSS",2021-06-25T07:28:14Z,Twitter for Android,0,1,256532293,bernieT36,Bernie Thornton,1292,1945,14748,Manchester,"Interested in the outdoors: cycling, camping, hiking, mountaineering, explorers, wildlife and environmental issues. And rabbits!
#CarbonBubble #Divest",FALSE,NA,NA,NA,NA,NA,NA,NA NA,NA NA,NA NA NA NA NA NA NA NA,https://twitter.com/Eco1stArt/status/1408326779274682371,Andrea,USA,"Featuring the most stunning eco friendly items on the planet: fine art, furniture, jewelry & apparel.Connecting ecological & innovative artists worldwide.",http://t.co/d44vPHQlTN,FALSE,4425,582,75,242470,432,2010-03-24T19:23:21Z,FALSE,http://t.co/d44vPHQlTN,http://Eco1stArt.com,NA,https://pbs.twimg.com/profile_banners/126075164/1358485437,http://abs.twimg.com/images/themes/theme1/bg.png,http://pbs.twimg.com/profile_images/1267083425/ArchDigestShopAd_normal.jpg
256532293,1408326152301821957,2021-06-25T07:28:14Z,bernieT36,"Climate change: Large-scale CO2 removal facility set for Scotland
https://t.co/pAzFQ8RPi4
#ClimateChamge #ClimateCrisis #ClimateAction #CCSS",Twitter for Android,140,NA,NA,NA,FALSE,FALSE,0,1,NA,NA,ClimateChamge ClimateCrisis ClimateAction CCSS,NA,bbc.co.uk/news/science-e‚Ä¶,https://t.co/pAzFQ8RPi4,https://www.bbc.co.uk/news/science-environment-57588248,NA,NA,NA,NA,NA,NA,NA,NA,NA,NA,en,NA,NA,NA,NA,NA,NA,NA,NA,NA,NA,NA,NA,NA,NA,NA,NA,NA,NA,NA,NA,NA,NA,NA,NA,NA,NA,NA,NA,NA,NA,NA,NA,NA,NA,NA,NA,NA NA,NA NA,NA NA NA NA NA NA NA NA,https://twitter.com/bernieT36/status/1408326152301821957,Bernie Thornton,Manchester,"Interested in the outdoors: cycling, camping, hiking, mountaineering, explorers, wildlife and environmental issues. And rabbits!
#CarbonBubble #Divest",https://t.co/YYENp3rHJr,FALSE,1292,1945,101,14748,2158,2011-02-23T14:49:24Z,FALSE,https://t.co/YYENp3rHJr,http://www.stumbleupon.com/stumbler/bernie36/,NA,https://pbs.twimg.com/profile_banners/256532293/1386695362,http://abs.twimg.com/images/themes/theme1/bg.png,http://pbs.twimg.com/profile_images/1071047660377915392/QFbbjIod_normal.jpg
2600774869,1408099045952864262,2021-06-24T16:25:48Z,listland,Top 10 Reasons Why Standardized Testing Is Here to Stay https://t.co/5cSYQragyv #commoncore,Revive Social App,91,NA,NA,NA,FALSE,FALSE,0,0,NA,NA,commoncore,NA,listland.com/top-10-reasons‚Ä¶,https://t.co/5cSYQragyv,https://www.listland.com/top-10-reasons-why-standardized-testing-is-here-to-stay/?utm_source=ReviveOldPost&utm_medium=social&utm_campaign=ReviveOldPost,NA,NA,NA,NA,NA,NA,NA,NA,NA,NA,en,NA,NA,NA,NA,NA,NA,NA,NA,NA,NA,NA,NA,NA,NA,NA,NA,NA,NA,NA,NA,NA,NA,NA,NA,NA,NA,NA,NA,NA,NA,NA,NA,NA,NA,NA,NA,NA NA,NA NA,NA NA NA NA NA NA NA NA,https://twitter.com/listland/status/1408099045952864262,List Land,,We write lists based on your searches. There's a lot wrong with you people.,NA,FALSE,2608,30,9,25245,10,2014-07-03T01:12:55Z,FALSE,NA,NA,NA,https://pbs.twimg.com/profile_banners/2600774869/1405717985,http://abs.twimg.com/images/themes/theme1/bg.png,http://pbs.twimg.com/profile_images/497432301114900480/HQ_xpK7c_normal.png
35756675,1407747010095206400,2021-06-23T17:06:56Z,dylanpmccoy,I feel like we've heard this question before #commoncore https://t.co/2GIibS6kod https://t.co/6HAi53J6cE,Twitter Web App,80,NA,NA,NA,FALSE,FALSE,3,0,NA,NA,commoncore,NA,content.govdelivery.com/attachments/IN‚Ä¶,https://t.co/2GIibS6kod,https://content.govdelivery.com/attachments/INAG/2021/06/23/file_attachments/1861340/Parents%20Bill%20of%20Rights.pdf,http://pbs.twimg.com/media/E4lSSUlWUAQ8Icv.png,https://t.co/6HAi53J6cE,https://twitter.com/dylanpmccoy/status/1407747010095206400/photo/1,photo,http://pbs.twimg.com/media/E4lSSUlWUAQ8Icv.png,https://t.co/6HAi53J6cE,https://twitter.com/dylanpmccoy/status/1407747010095206400/photo/1,NA,NA,NA,en,NA,NA,NA,NA,NA,NA,NA,NA,NA,NA,NA,NA,NA,NA,NA,NA,NA,NA,NA,NA,NA,NA,NA,NA,NA,NA,NA,NA,NA,NA,NA,NA,NA,NA,NA,NA,NA NA,NA NA,NA NA NA NA NA NA NA NA,https://twitter.com/dylanpmccoy/status/1407747010095206400,Dylan Peers McCoy,"Indianapolis, IN","Education reporter for @WFYINews. Formerly @ChalkbeatIN. Lover and maker of: radio, spreadsheets and eggs.",https://t.co/WxwHuvCcjR,FALSE,1103,1112,64,3488,2980,2009-04-27T14:38:34Z,FALSE,https://t.co/WxwHuvCcjR,http://in.chalkbeat.org,NA,https://pbs.twimg.com/profile_banners/35756675/1395517891,http://abs.twimg.com/images/themes/theme1/bg.png,http://pbs.twimg.com/profile_images/852910185332883456/YEOM0dIJ_normal.jpg
360407453,1407738258440687622,2021-06-23T16:32:09Z,UlanaKorovec,Math + tech + creativity = Engaged learners!  Free guide with ideas and lesson plans https://t.co/DhAjX94YCt #ccss https://t.co/7rUKchI27U,TweetDeck,140,NA,NA,NA,FALSE,TRUE,0,1,NA,NA,ccss,NA,hubs.li/H0N6Gm80,https://t.co/DhAjX94YCt,https://hubs.li/H0N6Gm80,NA,NA,NA,NA,NA,NA,NA,NA,22555650,Tech4Learning,en,NA,NA,NA,NA,NA,NA,NA,NA,NA,NA,NA,NA,NA,NA,NA,1407733688415227910,Math + tech + creativity = Engaged learners!  Free guide with ideas and lesson plans https://t.co/DhAjX94YCt #ccss https://t.co/7rUKchI27U,2021-06-23T16:14:00Z,HubSpot,0,1,22555650,Tech4Learning,Tech4Learning,5179,5024,14660,"San Diego, Ca",Tech4Learning is an innovative educational technology company that develops award-winning software tools & professional development for K-12 classrooms. #Wixie,FALSE,NA,NA,NA,NA,NA,NA,NA NA,NA NA,NA NA NA NA NA NA NA NA,https://twitter.com/UlanaKorovec/status/1407738258440687622,Ulana Korovec,United States,Wixie Specialist ~ Customer Training | Integration | Provisioning Support | @Tech4Learning since 2010,http://t.co/YjSkzgYXpK,FALSE,757,3070,25,6749,7911,2011-08-23T04:47:39Z,FALSE,http://t.co/YjSkzgYXpK,http://tech4learning.com,NA,https://pbs.twimg.com/profile_banners/360407453/1583426016,http://abs.twimg.com/images/themes/theme1/bg.png,http://pbs.twimg.com/profile_images/1509313046/ulana_korovec_normal.jpg
360407453,1407012998854504452,2021-06-21T16:30:14Z,UlanaKorovec,Summer is officially here! https://t.co/JPqkYd9Gzk Kick yours off by following this 2nd grader's instructions for making lemonade #howto #ccss https://t.co/amCmiXjHHx,TweetDeck,140,NA,NA,NA,FALSE,TRUE,0,1,NA,NA,NA,NA,hubs.li/H0N6P0b0,https://t.co/JPqkYd9Gzk,https://hubs.li/H0N6P0b0,NA,NA,NA,NA,NA,NA,NA,NA,22555650,Tech4Learning,en,NA,NA,NA,NA,NA,NA,NA,NA,NA,NA,NA,NA,NA,NA,NA,1407007906206261252,Summer is officially here! https://t.co/JPqkYd9Gzk Kick yours off by following this 2nd grader's instructions for making lemonade #howto #ccss https://t.co/amCmiXjHHx,2021-06-21T16:10:00Z,HubSpot,1,1,22555650,Tech4Learning,Tech4Learning,5179,5024,14660,"San Diego, Ca",Tech4Learning is an innovative educational technology company that develops award-winning software tools & professional development for K-12 classrooms. #Wixie,FALSE,NA,NA,NA,NA,NA,NA,NA NA,NA NA,NA NA NA NA NA NA NA NA,https://twitter.com/UlanaKorovec/status/1407012998854504452,Ulana Korovec,United States,Wixie Specialist ~ Customer Training | Integration | Provisioning Support | @Tech4Learning since 2010,http://t.co/YjSkzgYXpK,FALSE,757,3070,25,6749,7911,2011-08-23T04:47:39Z,FALSE,http://t.co/YjSkzgYXpK,http://tech4learning.com,NA,https://pbs.twimg.com/profile_banners/360407453/1583426016,http://abs.twimg.com/images/themes/theme1/bg.png,http://pbs.twimg.com/profile_images/1509313046/ulana_korovec_normal.jpg
22555650,1407007906206261252,2021-06-21T16:10:00Z,Tech4Learning,Summer is officially here! https://t.co/JPqkYd9Gzk Kick yours off by following this 2nd grader's instructions for making lemonade #howto #ccss https://t.co/amCmiXjHHx,HubSpot,142,NA,NA,NA,FALSE,FALSE,1,1,NA,NA,howto ccss,NA,hubs.li/H0N6P0b0,https://t.co/JPqkYd9Gzk,https://hubs.li/H0N6P0b0,http://pbs.twimg.com/media/E4ayPAdXEAgqegx.jpg,https://t.co/amCmiXjHHx,https://twitter.com/Tech4Learning/status/1407007906206261252/photo/1,photo,http://pbs.twimg.com/media/E4ayPAdXEAgqegx.jpg,https://t.co/amCmiXjHHx,https://twitter.com/Tech4Learning/status/1407007906206261252/photo/1,NA,NA,NA,en,NA,NA,NA,NA,NA,NA,NA,NA,NA,NA,NA,NA,NA,NA,NA,NA,NA,NA,NA,NA,NA,NA,NA,NA,NA,NA,NA,NA,NA,NA,NA,NA,NA,NA,NA,NA,NA NA,NA NA,NA NA NA NA NA NA NA NA,https://twitter.com/Tech4Learning/status/1407007906206261252,Tech4Learning,"San Diego, Ca",Tech4Learning is an innovative educational technology company that develops award-winning software tools & professional development for K-12 classrooms. #Wixie,https://t.co/haL0uxgHtV,FALSE,5179,5024,215,14660,2865,2009-03-02T23:58:01Z,FALSE,https://t.co/haL0uxgHtV,https://www.tech4learning.com,NA,https://pbs.twimg.com/profile_banners/22555650/1598558414,http://abs.twimg.com/images/themes/theme1/bg.png,http://pbs.twimg.com/profile_images/3149164361/fa15c8b701f7743ff3d1fdd76e879998_normal.png
22555650,1407733688415227910,2021-06-23T16:14:00Z,Tech4Learning,Math + tech + creativity = Engaged learners!  Free guide with ideas and lesson plans https://t.co/DhAjX94YCt #ccss https://t.co/7rUKchI27U,HubSpot,114,NA,NA,NA,FALSE,FALSE,0,1,NA,NA,ccss,NA,hubs.li/H0N6Gm80,https://t.co/DhAjX94YCt,https://hubs.li/H0N6Gm80,http://pbs.twimg.com/media/E4lGVHOXoAIxaQl.png,https://t.co/7rUKchI27U,https://twitter.com/Tech4Learning/status/1407733688415227910/photo/1,photo,http://pbs.twimg.com/media/E4lGVHOXoAIxaQl.png,https://t.co/7rUKchI27U,https://twitter.com/Tech4Learning/status/1407733688415227910/photo/1,NA,NA,NA,en,NA,NA,NA,NA,NA,NA,NA,NA,NA,NA,NA,NA,NA,NA,NA,NA,NA,NA,NA,NA,NA,NA,NA,NA,NA,NA,NA,NA,NA,NA,NA,NA,NA,NA,NA,NA,NA NA,NA NA,NA NA NA NA NA NA NA NA,https://twitter.com/Tech4Learning/status/1407733688415227910,Tech4Learning,"San Diego, Ca",Tech4Learning is an innovative educational technology company that develops award-winning software tools & professional development for K-12 classrooms. #Wixie,https://t.co/haL0uxgHtV,FALSE,5179,5024,215,14660,2865,2009-03-02T23:58:01Z,FALSE,https://t.co/haL0uxgHtV,https://www.tech4learning.com,NA,https://pbs.twimg.com/profile_banners/22555650/1598558414,http://abs.twimg.com/images/themes/theme1/bg.png,http://pbs.twimg.com/profile_images/3149164361/fa15c8b701f7743ff3d1fdd76e879998_normal.png
831300020,1406962641852145665,2021-06-21T13:10:08Z,WriteReaderApp,"WriteReader has aligned all writing prompts and book templates to the Elementary¬†Texas Essential Knowledge and Skills for English Language Arts and Reading¬†and the¬†Common Core State Standards for Writing K-5. Read more below #literacy #commoncore
https://t.co/OSpwojGhXU https://t.co/9ev3VepQIk",Twitter for Android,270,NA,NA,NA,FALSE,FALSE,7,1,NA,NA,literacy commoncore,NA,writereader.com/blog/using-wri‚Ä¶,https://t.co/OSpwojGhXU,Https://www.writereader.com/blog/using-writereader-with-confidence-and-standards/,http://pbs.twimg.com/media/E4aJEMNWUAAPWof.jpg,https://t.co/9ev3VepQIk,https://twitter.com/WriteReaderApp/status/1406962641852145665/photo/1,photo,http://pbs.twimg.com/media/E4aJEMNWUAAPWof.jpg,https://t.co/9ev3VepQIk,https://twitter.com/WriteReaderApp/status/1406962641852145665/photo/1,NA,NA,NA,en,NA,NA,NA,NA,NA,NA,NA,NA,NA,NA,NA,NA,NA,NA,NA,NA,NA,NA,NA,NA,NA,NA,NA,NA,NA,NA,NA,NA,NA,NA,NA,NA,NA,NA,NA,NA,NA NA,NA NA,NA NA NA NA NA NA NA NA,https://twitter.com/WriteReaderApp/status/1406962641852145665,WriteReader.com,Worldwide,#Edtech platform for K-12 students to create their own digital books while learning to read & write. Increases literacy skills significantly. #Literacy,https://t.co/iGqpPXckHV,FALSE,3518,4993,142,9820,6463,2012-09-18T15:36:45Z,FALSE,https://t.co/iGqpPXckHV,http://writereader.com/,NA,https://pbs.twimg.com/profile_banners/831300020/1525253448,http://abs.twimg.com/images/themes/theme1/bg.png,http://pbs.twimg.com/profile_images/991611913334349825/bpFPF3rg_normal.jpg
831300020,1407689932500578309,2021-06-23T13:20:08Z,WriteReaderApp,"WriteReader has aligned all writing prompts and book templates to the Elementary¬†Texas Essential Knowledge and Skills for English Language Arts and Reading¬†and the¬†Common Core State Standards for Writing K-5. Read more below #literacy #commoncore
https://t.co/OSpwojGhXU https://t.co/9ev3VepQIk",Twitter for Android,140,NA,NA,NA,FALSE,TRUE,0,1,NA,NA,NA,NA,NA,NA,NA,NA,NA,NA,NA,NA,NA,NA,NA,831300020,WriteReaderApp,en,NA,NA,NA,NA,NA,NA,NA,NA,NA,NA,NA,NA,NA,NA,NA,1406962641852145665,"WriteReader has aligned all writing prompts and book templates to the Elementary¬†Texas Essential Knowledge and Skills for English Language Arts and Reading¬†and the¬†Common Core State Standards for Writing K-5. Read more below #literacy #commoncore
https://t.co/OSpwojGhXU https://t.co/9ev3VepQIk",2021-06-21T13:10:08Z,Twitter for Android,7,1,831300020,WriteReaderApp,WriteReader.com,3518,4993,9820,Worldwide,#Edtech platform for K-12 students to create their own digital books while learning to read & write. Increases literacy skills significantly. #Literacy,FALSE,NA,NA,NA,NA,NA,NA,NA NA,NA NA,NA NA NA NA NA NA NA NA,https://twitter.com/WriteReaderApp/status/1407689932500578309,WriteReader.com,Worldwide,#Edtech platform for K-12 students to create their own digital books while learning to read & write. Increases literacy skills significantly. #Literacy,https://t.co/iGqpPXckHV,FALSE,3518,4993,142,9820,6463,2012-09-18T15:36:45Z,FALSE,https://t.co/iGqpPXckHV,http://writereader.com/,NA,https://pbs.twimg.com/profile_banners/831300020/1525253448,http://abs.twimg.com/images/themes/theme1/bg.png,http://pbs.twimg.com/profile_images/991611913334349825/bpFPF3rg_normal.jpg
2865748215,1407671546106232836,2021-06-23T12:07:04Z,NUITEQSnowflake,"Kids learn best while playing. Math becomes instantly more fun when taught with game-like activities such as this #NUITEQSnowflake activity. Includes: math #lessonplan, worksheet and it's #Math #CommonCore standard-aligned.

 https://t.co/0hGJTELwe0",HubSpot,249,NA,NA,NA,FALSE,FALSE,1,0,NA,NA,NUITEQSnowflake lessonplan Math CommonCore,NA,hubs.li/H0QFVbz0,https://t.co/0hGJTELwe0,https://hubs.li/H0QFVbz0,NA,NA,NA,NA,NA,NA,NA,NA,NA,NA,en,NA,NA,NA,NA,NA,NA,NA,NA,NA,NA,NA,NA,NA,NA,NA,NA,NA,NA,NA,NA,NA,NA,NA,NA,NA,NA,NA,NA,NA,NA,NA,NA,NA,NA,NA,NA,NA NA,NA NA,NA NA NA NA NA NA NA NA,https://twitter.com/NUITEQSnowflake/status/1407671546106232836,NUITEQ Snowflake,"Laboratorgr√§nd 11, 93177, Skellefte√•, Sweden",#NUITEQSnowflake is an #EdTech software that supports remote learning and boosts student engagement by using smarter human interaction.,https://t.co/p1NuE12AD0,FALSE,5545,5958,164,7941,9827,2014-11-07T15:27:59Z,FALSE,https://t.co/p1NuE12AD0,https://nuiteq.com/snowflake,NA,https://pbs.twimg.com/profile_banners/2865748215/1577957244,http://abs.twimg.com/images/themes/theme1/bg.png,http://pbs.twimg.com/profile_images/1212666689898328064/3TXk3hwr_normal.png
1368647058765328386,1407467601052250114,2021-06-22T22:36:40Z,justJanetho,Question: If they believe all black people are oppressed and all white people are privileged oppressors... What do they believe biracial people are? #CriticalRaceTheory sits with #commoncore,Twitter Web App,190,NA,NA,NA,FALSE,FALSE,0,0,NA,NA,CriticalRaceTheory commoncore,NA,NA,NA,NA,NA,NA,NA,NA,NA,NA,NA,NA,NA,NA,en,NA,NA,NA,NA,NA,NA,NA,NA,NA,NA,NA,NA,NA,NA,NA,NA,NA,NA,NA,NA,NA,NA,NA,NA,NA,NA,NA,NA,NA,NA,NA,NA,NA,NA,NA,NA,NA NA,NA NA,NA NA NA NA NA NA NA NA,https://twitter.com/justJanetho/status/1407467601052250114,A,,"You don't need to know my 'race'. That isn't who or what I am. Ethnic dna is biology, let's talk character & ability. 
Have a nice day üëç",NA,FALSE,0,17,0,415,457,2021-03-07T19:38:01Z,FALSE,NA,NA,NA,https://pbs.twimg.com/profile_banners/1368647058765328386/1619969017,NA,http://pbs.twimg.com/profile_images/1388876820326457346/X_2j7vwV_normal.jpg
246910949,1407452283131076611,2021-06-22T21:35:48Z,DrZahwa,"RT @DoD_DHA : Don't miss your opportunity to sign up for the #DHA Continuing Education Program Office's, Clinical Communities Speaker Series (#CCSS), an evidence-based medicine training event happening June 24th from 7:45 a.m. ‚Äì 4:15 p.m. 

To learn more‚Ä¶ https://t.co/of56oLAQG9",IFTTT,279,NA,NA,NA,FALSE,FALSE,0,0,NA,NA,DHA CCSS,NA,go.usa.gov/x6ymY,https://t.co/of56oLAQG9,https://go.usa.gov/x6ymY,NA,NA,NA,NA,NA,NA,NA,NA,3892986375,DoD_DHA,en,NA,NA,NA,NA,NA,NA,NA,NA,NA,NA,NA,NA,NA,NA,NA,NA,NA,NA,NA,NA,NA,NA,NA,NA,NA,NA,NA,NA,NA,NA,NA,NA,NA,NA,NA,NA,NA NA,NA NA,NA NA NA NA NA NA NA NA,https://twitter.com/DrZahwa/status/1407452283131076611,"ùìóùì™ùìºùìºùì™ùì∑ ùì©ùì™ùì±ùîÄùì™, ùìüùì±.ùìì.","DC Metro, US","Ph.D. in Nuclear Medicine & Molecular Biology, MBA, MS. in HCA. MT ASCP & CPHIMS certified. RT ‚â† endorsements, views are personal ‚â† official",https://t.co/zHTWGf7JfM,FALSE,1092,498,308,121930,160,2011-02-03T18:24:47Z,FALSE,https://t.co/zHTWGf7JfM,http://www.linkedin.com/in/drzahwa,NA,https://pbs.twimg.com/profile_banners/246910949/1351310610,http://abs.twimg.com/images/themes/theme1/bg.png,http://pbs.twimg.com/profile_images/793628082229899264/rgcGZMDv_normal.jpg
3892986375,1407444772462206992,2021-06-22T21:05:57Z,DoD_DHA,"Don't miss your opportunity to sign up for the #DHA Continuing Education Program Office's, Clinical Communities Speaker Series (#CCSS), an evidence-based medicine training event happening June 24th from 7:45 a.m. ‚Äì 4:15 p.m. 

To learn more, please visit: https://t.co/yRQMz3V2Q5",Sprout Social,279,NA,NA,NA,FALSE,FALSE,1,0,NA,NA,DHA CCSS,NA,go.usa.gov/x6ymY,https://t.co/yRQMz3V2Q5,https://go.usa.gov/x6ymY,NA,NA,NA,NA,NA,NA,NA,NA,NA,NA,en,NA,NA,NA,NA,NA,NA,NA,NA,NA,NA,NA,NA,NA,NA,NA,NA,NA,NA,NA,NA,NA,NA,NA,NA,NA,NA,NA,NA,NA,NA,NA,NA,NA,NA,NA,NA,NA NA,NA NA,NA NA NA NA NA NA NA NA,https://twitter.com/DoD_DHA/status/1407444772462206992,Defense Health Agency,,"The DHA is a joint, integrated Combat Support Agency. Following, shares, likes & links ‚â† endorsement.

Transparency: https://t.co/cotyouoCDU",https://t.co/Emb5J7UXwt,FALSE,5800,190,97,3397,863,2015-10-07T20:15:33Z,TRUE,https://t.co/Emb5J7UXwt,http://www.health.mil/dha,NA,https://pbs.twimg.com/profile_banners/3892986375/1556210657,http://abs.twimg.com/images/themes/theme1/bg.png,http://pbs.twimg.com/profile_images/651853861729112064/htOHbWAN_normal.jpg
1138132116183683072,1407434168229785606,2021-06-22T20:23:49Z,ConsiderThis19,@MarshaBlackburn Between that and #CommonCore they‚Äôre really hell bent on dumbing down our children and making them all non-critical thinking sheep.,Twitter for iPhone,131,1407337853487550466,278145569,MarshaBlackburn,FALSE,FALSE,0,0,NA,NA,CommonCore,NA,NA,NA,NA,NA,NA,NA,NA,NA,NA,NA,NA,278145569,MarshaBlackburn,en,NA,NA,NA,NA,NA,NA,NA,NA,NA,NA,NA,NA,NA,NA,NA,NA,NA,NA,NA,NA,NA,NA,NA,NA,NA,NA,NA,NA,NA,NA,NA,NA,NA,NA,NA,NA,NA NA,NA NA,NA NA NA NA NA NA NA NA,https://twitter.com/ConsiderThis19/status/1407434168229785606,Consider This,"New York, NY",Where ever you go. there you are.,NA,FALSE,56,1024,1,4070,11280,2019-06-10T17:13:36Z,FALSE,NA,NA,NA,https://pbs.twimg.com/profile_banners/1138132116183683072/1609508276,NA,http://pbs.twimg.com/profile_images/1138132713599307776/icjxvhxS_normal.jpg
1154414722994671617,1407398517153230853,2021-06-22T18:02:09Z,AllisonLuvsMath,New Allison Loves #Math #Podcast Interview! #Teachers  #edchat #k12 #passiondriven #edutwitter #elemchat #commoncore #edreform #eduleaders #educator https://t.co/PH26oQZO02,Twitter Web App,148,NA,NA,NA,FALSE,FALSE,1,0,NA,NA,Math Podcast Teachers edchat k12 passiondriven edutwitter elemchat commoncore edreform eduleaders educator,NA,NA,NA,NA,http://pbs.twimg.com/media/E4gUfYcUYAIY55y.jpg,https://t.co/PH26oQZO02,https://twitter.com/AllisonLuvsMath/status/1407398517153230853/photo/1,photo,http://pbs.twimg.com/media/E4gUfYcUYAIY55y.jpg,https://t.co/PH26oQZO02,https://twitter.com/AllisonLuvsMath/status/1407398517153230853/photo/1,NA,NA,NA,en,NA,NA,NA,NA,NA,NA,NA,NA,NA,NA,NA,NA,NA,NA,NA,NA,NA,NA,NA,NA,NA,NA,NA,NA,NA,NA,NA,NA,NA,NA,NA,NA,NA,NA,NA,NA,NA NA,NA NA,NA NA NA NA NA NA NA NA,https://twitter.com/AllisonLuvsMath/status/1407398517153230853,Allison Dillard,"Orange County, CA","#Author of Crush Math Now, #Math Prof, Mom, #AllisonLovesMath #Podcast",https://t.co/ecdiJ4sbWb,FALSE,408,996,3,324,1705,2019-07-25T15:34:52Z,FALSE,https://t.co/ecdiJ4sbWb,http://www.allisonlovesmath.com,NA,https://pbs.twimg.com/profile_banners/1154414722994671617/1608169872,NA,http://pbs.twimg.com/profile_images/1217179953491402752/iPkFGdT4_normal.jpg
45256556,1407071664886751239,2021-06-21T20:23:21Z,robmoore3,"Onto text mining - collecting, processing, and analyzing text-based data! Comparing the #NGSS and #CCSS @LASER_Institute #LASERInstitute https://t.co/kwxd8LWBLn",TweetDeck,140,NA,NA,NA,FALSE,TRUE,0,1,NA,NA,NGSS CCSS,NA,NA,NA,NA,NA,NA,NA,NA,NA,NA,NA,NA,24298665 1391035578381127691,tjscience LASER_Institute,en,NA,NA,NA,NA,NA,NA,NA,NA,NA,NA,NA,NA,NA,NA,NA,1407045266151292933,"Onto text mining - collecting, processing, and analyzing text-based data! Comparing the #NGSS and #CCSS @LASER_Institute #LASERInstitute https://t.co/kwxd8LWBLn",2021-06-21T18:38:27Z,TweetDeck,10,1,24298665,tjscience,TJ McKenna,4250,2314,9314,"Boston, MA","Science Education at Boston University, UConn Ph.D Candidate, & lover of phenomena & innovation in education! Tweets are my own",FALSE,NA,NA,NA,NA,NA,NA,NA NA,NA NA,NA NA NA NA NA NA NA NA,https://twitter.com/robmoore3/status/1407071664886751239,"Rob Moore, Ph.D.","Gainesville, FL","Asst Prof, Educational Technology @UF_COE | Research: MOOCS, learning analytics, online learning, multimedia dev | #GoHeels | Views are my own",NA,FALSE,1360,639,53,15186,598,2009-06-07T01:27:13Z,FALSE,NA,NA,NA,https://pbs.twimg.com/profile_banners/45256556/1611084975,http://abs.twimg.com/images/themes/theme15/bg.png,http://pbs.twimg.com/profile_images/1408606852900954112/Rh0KlnA-_normal.jpg
1109163283045466112,1407065054348935169,2021-06-21T19:57:05Z,AuldShaneGamer,"Note how math scores drop over time even though #CommonCore and #SmarterBalanced tools were supposed to fix education, not make it worse. https://t.co/plH0K6B2l8",Twitter for Android,137,NA,NA,NA,TRUE,FALSE,1,0,NA,NA,CommonCore SmarterBalanced,NA,twitter.com/DavidWakelyn/s‚Ä¶,https://t.co/plH0K6B2l8,https://twitter.com/DavidWakelyn/status/1161270379731546113,NA,NA,NA,NA,NA,NA,NA,NA,NA,NA,en,1161270379731546113,"2019 #smarterbalanced results are public in Delaware.  The state &amp; districts ought to look at cohorts of kids over time.  There are ~10,500 students who were 6th graders last year, who will graduate in 2025.    Here‚Äôs what their math slide looks like when you look at all kids: https://t.co/aYNVfll9H5",2019-08-13T13:36:48Z,TweetDeck,5,0,61203464,DavidWakelyn,David Wakelyn,283,977,1516,Northern California,"Consultant at Union Square Learning. Occasional baller. Views, even the knucklehead ones, are all my own.",FALSE,NA,NA,NA,NA,NA,NA,NA,NA,NA,NA,NA,NA,NA,NA,NA,NA,NA,NA,NA,NA,NA,NA NA,NA NA,NA NA NA NA NA NA NA NA,https://twitter.com/AuldShaneGamer/status/1407065054348935169,"Shane Dean, SJ Gamer","Spokane Valley, WA",üíçüíçPale Cis straight he/him ADHD  #StopAAPIHate #BlackLivesMatter #TransRightsAreHumanRights üè≥Ô∏è‚Äçüåàüè≥Ô∏è‚Äç‚ößÔ∏è #TTRPG #accessibility #diversity & #inclusion matter,NA,FALSE,3187,4896,0,27536,51122,2019-03-22T18:41:48Z,FALSE,NA,NA,NA,https://pbs.twimg.com/profile_banners/1109163283045466112/1622753997,NA,http://pbs.twimg.com/profile_images/1379924609164709889/mUyjlTED_normal.jpg
1109163283045466112,1407062778544726017,2021-06-21T19:48:03Z,AuldShaneGamer,"In the wake of Common Core, English teacher Joy Pullmann uncovers the consequences of these curriculum standards in her book The Education Invasion.
#BookRecommendations #commoncore
 https://t.co/ztB1TTAe8x https://t.co/P1kcfWj9hR",Twitter for Android,139,NA,NA,NA,FALSE,TRUE,0,1,NA,NA,NA,NA,NA,NA,NA,NA,NA,NA,NA,NA,NA,NA,NA,1373603173278089220,NWEF_org,en,NA,NA,NA,NA,NA,NA,NA,NA,NA,NA,NA,NA,NA,NA,NA,1404091197438803980,"In the wake of Common Core, English teacher Joy Pullmann uncovers the consequences of these curriculum standards in her book The Education Invasion.
#BookRecommendations #commoncore
 https://t.co/ztB1TTAe8x https://t.co/P1kcfWj9hR",2021-06-13T15:00:02Z,Twitter Web App,1,1,1373603173278089220,NWEF_org,Noah Webster Educational Foundation,38,532,206,"Bedford, VA",Sharing information. üìö Empowering citizens. üí™ Leading the national conversation on America‚Äôs education. üá∫üá∏,FALSE,NA,NA,NA,NA,NA,NA,NA NA,NA NA,NA NA NA NA NA NA NA NA,https://twitter.com/AuldShaneGamer/status/1407062778544726017,"Shane Dean, SJ Gamer","Spokane Valley, WA",üíçüíçPale Cis straight he/him ADHD  #StopAAPIHate #BlackLivesMatter #TransRightsAreHumanRights üè≥Ô∏è‚Äçüåàüè≥Ô∏è‚Äç‚ößÔ∏è #TTRPG #accessibility #diversity & #inclusion matter,NA,FALSE,3187,4896,0,27536,51122,2019-03-22T18:41:48Z,FALSE,NA,NA,NA,https://pbs.twimg.com/profile_banners/1109163283045466112/1622753997,NA,http://pbs.twimg.com/profile_images/1379924609164709889/mUyjlTED_normal.jpg
1109163283045466112,1407062240428236802,2021-06-21T19:45:54Z,AuldShaneGamer,"Just a note because of an ad I saw. If I ever see anyone tweeting #CommonCore or #SmarterBalanced in a positive light, you will be blocked. These are corporate tools that are ruining our schools. The fact that teachers all across the country are forced to sign NDAs tells a lot.",Twitter for Android,278,NA,NA,NA,FALSE,FALSE,0,0,NA,NA,CommonCore SmarterBalanced,NA,NA,NA,NA,NA,NA,NA,NA,NA,NA,NA,NA,NA,NA,en,NA,NA,NA,NA,NA,NA,NA,NA,NA,NA,NA,NA,NA,NA,NA,NA,NA,NA,NA,NA,NA,NA,NA,NA,NA,NA,NA,NA,NA,NA,NA,NA,NA,NA,NA,NA,NA NA,NA NA,NA NA NA NA NA NA NA NA,https://twitter.com/AuldShaneGamer/status/1407062240428236802,"Shane Dean, SJ Gamer","Spokane Valley, WA",üíçüíçPale Cis straight he/him ADHD  #StopAAPIHate #BlackLivesMatter #TransRightsAreHumanRights üè≥Ô∏è‚Äçüåàüè≥Ô∏è‚Äç‚ößÔ∏è #TTRPG #accessibility #diversity & #inclusion matter,NA,FALSE,3187,4896,0,27536,51122,2019-03-22T18:41:48Z,FALSE,NA,NA,NA,https://pbs.twimg.com/profile_banners/1109163283045466112/1622753997,NA,http://pbs.twimg.com/profile_images/1379924609164709889/mUyjlTED_normal.jpg
24298665,1407045266151292933,2021-06-21T18:38:27Z,tjscience,"Onto text mining - collecting, processing, and analyzing text-based data! Comparing the #NGSS and #CCSS @LASER_Institute #LASERInstitute https://t.co/kwxd8LWBLn",TweetDeck,136,NA,NA,NA,FALSE,FALSE,10,1,NA,NA,NGSS CCSS LASERInstitute,NA,NA,NA,NA,http://pbs.twimg.com/media/E4bS5-PXEAAFXJH.png,https://t.co/kwxd8LWBLn,https://twitter.com/tjscience/status/1407045266151292933/photo/1,photo,http://pbs.twimg.com/media/E4bS5-PXEAAFXJH.png http://pbs.twimg.com/media/E4bS5-RXIAwrgHj.jpg http://pbs.twimg.com/media/E4bS5-WX0AA4VIz.jpg http://pbs.twimg.com/media/E4bTNf2XMAYPmEe.png,https://t.co/kwxd8LWBLn https://t.co/kwxd8LWBLn https://t.co/kwxd8LWBLn https://t.co/kwxd8LWBLn,https://twitter.com/tjscience/status/1407045266151292933/photo/1 https://twitter.com/tjscience/status/1407045266151292933/photo/1 https://twitter.com/tjscience/status/1407045266151292933/photo/1 https://twitter.com/tjscience/status/1407045266151292933/photo/1,NA,1391035578381127691,LASER_Institute,en,NA,NA,NA,NA,NA,NA,NA,NA,NA,NA,NA,NA,NA,NA,NA,NA,NA,NA,NA,NA,NA,NA,NA,NA,NA,NA,NA,NA,NA,NA,NA,NA,NA,NA,NA,NA,NA NA,NA NA,NA NA NA NA NA NA NA NA,https://twitter.com/tjscience/status/1407045266151292933,TJ McKenna,"Boston, MA","Science Education at Boston University, UConn Ph.D Candidate, & lover of phenomena & innovation in education! Tweets are my own",https://t.co/MB9s95fQEO,FALSE,4250,2314,105,9314,8974,2009-03-14T01:11:38Z,FALSE,https://t.co/MB9s95fQEO,https://tap.bio/@tjscience,NA,https://pbs.twimg.com/profile_banners/24298665/1423157017,http://abs.twimg.com/images/themes/theme9/bg.gif,http://pbs.twimg.com/profile_images/505453110324916224/35PqDHFb_normal.jpeg
1191916377214459910,1406947446551453702,2021-06-21T12:09:45Z,txteachertweet1,"@arneduncan NO evidence for #commoncore, teacher evaluation based on student test scores, or push to expand online learning. Yet @usedgov under your misleadership pushed them on schools &amp; students nonetheless. Not to mention yr opposition to research-based class size reduction.",Twitter for iPhone,140,NA,NA,NA,FALSE,TRUE,0,5,NA,NA,commoncore,NA,NA,NA,NA,NA,NA,NA,NA,NA,NA,NA,NA,118530377 4662969794,leoniehaimson arneduncan,en,NA,NA,NA,NA,NA,NA,NA,NA,NA,NA,NA,NA,NA,NA,NA,1406256675242266629,"@arneduncan NO evidence for #commoncore, teacher evaluation based on student test scores, or push to expand online learning. Yet @usedgov under your misleadership pushed them on schools &amp; students nonetheless. Not to mention yr opposition to research-based class size reduction.",2021-06-19T14:24:53Z,Twitter for iPad,18,5,118530377,leoniehaimson,leonie haimson,15375,5963,141377,NYC,"Exec Director of Class Size Matters, Network for Public Education Board, co-chair Parent Coalition for Student Privacy. All kids need small classes & privacy.",FALSE,NA,NA,NA,NA,NA,NA,NA NA,NA NA,NA NA NA NA NA NA NA NA,https://twitter.com/txteachertweet1/status/1406947446551453702,txteachertweets,,Be kind,NA,FALSE,20,362,0,1374,1763,2019-11-06T03:13:19Z,FALSE,NA,NA,NA,NA,NA,http://pbs.twimg.com/profile_images/1191916867209834498/K7uU3wIt_normal.jpg
702911587032678401,1406936508578287621,2021-06-21T11:26:17Z,Network4pubEd,"@arneduncan NO evidence for #commoncore, teacher evaluation based on student test scores, or push to expand online learning. Yet @usedgov under your misleadership pushed them on schools &amp; students nonetheless. Not to mention yr opposition to research-based class size reduction.",Twitter Web App,140,NA,NA,NA,FALSE,TRUE,0,5,NA,NA,commoncore,NA,NA,NA,NA,NA,NA,NA,NA,NA,NA,NA,NA,118530377 4662969794,leoniehaimson arneduncan,en,NA,NA,NA,NA,NA,NA,NA,NA,NA,NA,NA,NA,NA,NA,NA,1406256675242266629,"@arneduncan NO evidence for #commoncore, teacher evaluation based on student test scores, or push to expand online learning. Yet @usedgov under your misleadership pushed them on schools &amp; students nonetheless. Not to mention yr opposition to research-based class size reduction.",2021-06-19T14:24:53Z,Twitter for iPad,18,5,118530377,leoniehaimson,leonie haimson,15375,5963,141377,NYC,"Exec Director of Class Size Matters, Network for Public Education Board, co-chair Parent Coalition for Student Privacy. All kids need small classes & privacy.",FALSE,NA,NA,NA,NA,NA,NA,NA NA,NA NA,NA NA NA NA NA NA NA NA,https://twitter.com/Network4pubEd/status/1406936508578287621,Network4PublicEd,,,https://t.co/jWVnbNhcIQ,FALSE,6601,4219,91,33869,2563,2016-02-25T17:42:36Z,FALSE,https://t.co/jWVnbNhcIQ,http://networkforpubliceducation.org/,NA,https://pbs.twimg.com/profile_banners/702911587032678401/1550878055,NA,http://pbs.twimg.com/profile_images/1086121730605756416/DMiTFpVS_normal.jpg
