to,from
Patricia,Shaun
Patricia,Xi
Patricia,Darryl
Patricia,Megan
Patricia,Gemma
Patricia,Jeanne
Patricia,Erin
Patricia,Jennifer
Patricia,Ensung
Patricia,Ajayi
Patricia,Moe
Patricia,Rogers
Patricia,Shaun
Adrian,Peng
Adrian,Juhee
Adrian,Chenxi
Adrian,Megan
Adrian,Yingjie
Adrian,Rogers
Adrian,Erin
Adrian,Sohan
Adrian,Mia
Adrian,Ajayi
Adrian,Darryl
Adrian,Meseret
Adrian,Gemma
Xi,Darryl
Xi,Patricia
Xi,Yingjie
Xi,Megan
Xi,Sohan
Xi,Ajayi
Xi,Catherine
Xi,Juhee
Xi,Chenxi
Xi,Mohan
Xi,Kuang
Xi,Adrian
Xi,Shaun
Chenxi,Kuang
Chenxi,Peng
Chenxi,Adrian
Chenxi,Mia
Chenxi,Moe
Chenxi,Emmanuel
Chenxi,Erin
Chenxi,Catherine
Chenxi,JJ
Chenxi,Mohan
Chenxi,Darryl
Chenxi,Shaun
Moe,Jennifer
Moe,Sohan
Moe,Todd
Moe,Megan
Moe,Chenxi
Moe,Emmanuel
Moe,Catherine
Moe,Mia
Moe,JJ
Moe,Ajayi
Moe,Patricia
Moe,Shaun
Darryl,Ajayi
Darryl,Mohan
Darryl,Patricia
Darryl,Peng
Darryl,Jennifer
Darryl,Emmanuel
Darryl,Juhee
Darryl,Sohan
Darryl,Chenxi
Darryl,JJ
Darryl,Adrian
Darryl,Meseret
Darryl,Shaun
Jennifer,Ensung
Jennifer,Moe
Jennifer,Sohan
Jennifer,Megan
Jennifer,Meseret
Jennifer,Rogers
Jennifer,Erin
Jennifer,Juhee
Jennifer,Patricia
Jennifer,Mohan
Jennifer,Yingjie
Jennifer,Darryl
Jennifer,Gemma
Yingjie,Ensung
Yingjie,Juhee
Yingjie,Xi
Yingjie,Mia
Yingjie,Todd
Yingjie,Ajayi
Yingjie,Erin
Yingjie,Gemma
Yingjie,Adrian
Yingjie,JJ
Yingjie,Jennifer
Yingjie,Megan
Yingjie,Jeanne
Yingjie,Mia
Todd,Ajayi
Todd,JJ
Todd,Moe
Todd,Erin
Todd,Jennifer
Todd,Emmanuel
Todd,Catherine
Todd,Juhee
Todd,Mia
Todd,Mohan
Todd,Megan
Todd,Xi
Todd,Gemma
Kuang,Moe
Kuang,Emmanuel
Kuang,Mia
Kuang,Peng
Kuang,Juhee
Kuang,Rogers
Kuang,Catherine
Kuang,Darryl
Kuang,Chenxi
Kuang,Mohan
Kuang,Xi
Kuang,Meseret
Kuang,Gemma
Megan,Jennifer
Megan,Moe
Megan,Ensung
Megan,Erin
Megan,Mohan
Megan,Emmanuel
Megan,Catherine
Megan,Adrian
Megan,Erin
Megan,JJ
Megan,Mia
Megan,Patricia
Megan,Gemma
Ensung,Jennifer
Ensung,Patricia
Ensung,Megan
Ensung,Peng
Ensung,Juhee
Ensung,Daria
Ensung,Erin
Ensung,Darryl
Ensung,Mia
Ensung,Ajayi
Ensung,Catherine
Ensung,Meseret
Ensung,Shaun
Meseret,Kuang
Meseret,Mohan
Meseret,Sohan
Meseret,Peng
Meseret,Catherine
Meseret,Rogers
Meseret,Juhee
Meseret,Ensung
Meseret,Adrian
Meseret,Ajayi
Meseret,Patricia
Meseret,Darryl
Meseret,Shaun
JJ,Jennifer
JJ,Todd
JJ,Chenxi
JJ,Mia
JJ,Megan
JJ,Todd
JJ,Erin
JJ,Sohan
JJ,Chenxi
JJ,Ajayi
JJ,Moe
JJ,Darryl
JJ,Gemma
Catherine,Ensung
Catherine,Kuang
Catherine,Todd
Catherine,Peng
Catherine,Juhee
Catherine,Emmanuel
Catherine,Erin
Catherine,Mia
Catherine,Megan
Catherine,Mohan
Catherine,Moe
Catherine,Meseret
Catherine,Jeanne
Mia,Todd
Mia,Juhee
Mia,Sohan
Mia,Erin
Mia,Adrian
Mia,Ajayi
Mia,Catherine
Mia,Chenxi
Mia,Megan
Mia,Mohan
Mia,Ensung
Mia,Darryl
Mia,Gemma
Mia,Yingjie
Juhee,Ensung
Juhee,Mia
Juhee,Yingjie
Juhee,Catherine
Juhee,Todd
Juhee,Rogers
Juhee,Jeanne
Juhee,Meseret
Juhee,Adrian
Juhee,Mohan
Juhee,Kuang
Juhee,Darryl
Juhee,Daria
Emmanuel,Peng
Emmanuel,Todd
Emmanuel,Moe
Emmanuel,Megan
Emmanuel,Kuang
Emmanuel,Rogers
Emmanuel,Catherine
Emmanuel,Ajayi
Emmanuel,Chenxi
Emmanuel,Mohan
Emmanuel,Gemma
Emmanuel,Darryl
Emmanuel,Shaun
Erin,Ensung
Erin,Jennifer
Erin,Chenxi
Erin,Megan
Erin,Sohan
Erin,Jeanne
Erin,Catherine
Erin,Adrian
Erin,Mia
Erin,Ajayi
Erin,Peng
Erin,JJ
Erin,Gemma
Erin,Mohan
Sohan,Moe
Sohan,Rogers
Sohan,Mia
Sohan,Catherine
Sohan,Xi
Sohan,Ajayi
Sohan,Erin
Sohan,JJ
Sohan,Adrian
Sohan,Mohan
Sohan,Meseret
Sohan,Darryl
Sohan,Gemma
Peng,Kuang
Peng,Patricia
Peng,Rogers
Peng,Ensung
Peng,Darryl
Peng,Emmanuel
Peng,Catherine
Peng,Chenxi
Peng,Gemma
Peng,Mohan
Peng,Erin
Peng,Meseret
Peng,Shaun
Mohan,Darryl
Mohan,Erin
Mohan,Sohan
Mohan,Peng
Mohan,Todd
Mohan,Emmanuel
Mohan,Juhee
Mohan,Chenxi
Mohan,Mia
Mohan,JJ
Mohan,Catherine
Mohan,Meseret
Mohan,Daria
Gemma,Todd
Gemma,Rogers
Gemma,Peng
Gemma,Sohan
Gemma,Emmanuel
Gemma,Erin
Gemma,Megan
Gemma,Adrian
Gemma,JJ
Gemma,Patricia
Gemma,Daria
Ajayi,Ensung
Ajayi,Todd
Ajayi,JJ
Ajayi,Peng
Ajayi,Gemma
Ajayi,Rogers
Ajayi,Jeanne
Ajayi,Emmanuel
Ajayi,Adrian
Ajayi,Mohan
Ajayi,Moe
Ajayi,Darryl
Ajayi,Shaun
Rogers,Jennifer
Rogers,Sohan
Rogers,Mohan
Rogers,Peng
Rogers,Juhee
Rogers,Darryl
Rogers,Erin
Rogers,Emmanuel
Rogers,Adrian
Rogers,Ajayi
Rogers,Kuang
Rogers,Meseret
Rogers,Gemma