from,to
Zhen Xu,Daniela Castellanos Reyes
Zhen Xu,Deborah Cockerham
Zhen Xu,Fei Gao
Zhen Xu,Le Shornn Benjamin
Zhen Xu,Jihyun Yu
Zhen Xu,Zhen Xu
Zhen Xu,Nadia Mills
Zhen Xu,Aj Edson
Zhen Xu,Nikki Lobczowski
Itauma Itauma,Jin Lee
Itauma Itauma,Cynthia Lima
Itauma Itauma,Xiaowen Chen
Itauma Itauma,Le Shornn Benjamin
Itauma Itauma,Shaun Kelogg
Itauma Itauma,Ceren Ocak
Itauma Itauma,Tacey Rodgers
Itauma Itauma,Joshua Rosenberg
Itauma Itauma,Eunsung Park
Xiaowen Chen,Hyeon-Ah Kang
Xiaowen Chen,Cynthia Lima
Xiaowen Chen,Yingxiao Qian
Xiaowen Chen,Le Shornn Benjamin
Xiaowen Chen,Shaun Kelogg
Xiaowen Chen,Jin Lee
Xiaowen Chen,Tacey Rodgers
Xiaowen Chen,Joshua Rosenberg
Xiaowen Chen,Eunsung Park
Hongwei Yu,Enyu Zhou
Hongwei Yu,Zhen Xu
Hongwei Yu,Peng Lu
Hongwei Yu,Victor Law
Hongwei Yu,Clement Yedjou
Hongwei Yu,Hongwei Yu
Hongwei Yu,Alfredo Leon
Hongwei Yu,AJ Edson
Hongwei Yu,Eunsung Park
Jihyun Yu,Andy Parra Martinez
Jihyun Yu,Catherine Manly
Jihyun Yu,Hyeon-Ah Kang
Jihyun Yu,Seung Lee
Jihyun Yu,Fei Gao
Jihyun Yu,Enyu Zhou
Jihyun Yu,Taren Going
Jihyun Yu,Aj Edson
Jihyun Yu,Clement Yedjou
Vipin Verma,Emily Bonem
Vipin Verma,Yingxiao Qian
Vipin Verma,Hyeon-Ah Kang
Vipin Verma,"Praveen	Meduri"
Vipin Verma,Fei Gao
Vipin Verma,Victor Law
Vipin Verma,Mia Williams
Vipin Verma,AJ Edson
Vipin Verma,Eunsung Park
Deborah Cockerham,Itauma Itauma
Deborah Cockerham,Angela Hemingway
Deborah Cockerham,Xiaowen Chen
Deborah Cockerham,Le Shornn Benjamin
Deborah Cockerham,Fei Gao
Deborah Cockerham,Jin Lee
Deborah Cockerham,Tacey Rodgers
Deborah Cockerham,Ceren Ocak
Deborah Cockerham,Megan Atha
Suzhen Duan,Fan Xu
Suzhen Duan,Itauma Itauma
Suzhen Duan,Xiaowen Chen
Suzhen Duan,Jianlin Hou
Suzhen Duan,Daniela Castellanos Reyes
Suzhen Duan,Yu Bao
Suzhen Duan,Yingxiao Qian
Suzhen Duan,Catherine Manly
Suzhen Duan,Megan Atha
Enyu Zhou,Yu Bao
Enyu Zhou,Suzhen Duan
Enyu Zhou,Xiaowen Chen
Enyu Zhou,Jianlin Hou
Enyu Zhou,Daniela Castellanos Reyes
Enyu Zhou,Jihyun Yu
Enyu Zhou,Taren Going
Enyu Zhou,Catherine Manly
Enyu Zhou,Hongwei Yu
Mia Williams,Ning Wang
Mia Williams,Le Shornn Benjamin
Mia Williams,Jin Lee
Mia Williams,Vipin Verma
Mia Williams,Fei Gao
Mia Williams,Tacey Rodgers
Mia Williams,"Liliana	Donchik Belkin"
Mia Williams,AJ Edson
Mia Williams,Eunsung Park
Megan Atha,Yu Bao
Megan Atha,Suzhen Duan
Megan Atha,Yingxiao Qian
Megan Atha,Jianlin Hou
Megan Atha,Matthew Moreno
Megan Atha,Jin Liu
Megan Atha,"Liliana	Donchik Belkin"
Megan Atha,Ning Wang
Megan Atha,Deborah Cockerham
Le Shornn Benjamin,Fan Xu
Le Shornn Benjamin,Angela Hemingway
Le Shornn Benjamin,Daniela Castellanos Reyes
Le Shornn Benjamin,Jianlin Hou
Le Shornn Benjamin,Erin Ottmar
Le Shornn Benjamin,Mia Williams
Le Shornn Benjamin,"Liliana	Donchik Belkin"
Le Shornn Benjamin,Catherine Manly
Le Shornn Benjamin,Clement Yedjou
Ning Wang,Emily Bonem
Ning Wang,Praveen Meduri
Ning Wang,Hyeon-Ah Kang
Ning Wang,Vipin Verma
Ning Wang,Fei Gao
Ning Wang,Deborah Cockerham
Ning Wang,Melinda Whitford
Ning Wang,Catherine Manly
Ning Wang,Eunsung Park
Daniela Castellanos Reyes,Enyu Zhou
Daniela Castellanos Reyes,Angela Hemingway
Daniela Castellanos Reyes,Hyeon-Ah Kang
Daniela Castellanos Reyes,Le Shornn Benjamin
Daniela Castellanos Reyes,Fei Gao
Daniela Castellanos Reyes,Deborah Cockerham
Daniela Castellanos Reyes,Mia Williams
Daniela Castellanos Reyes,Erin Ottmar
Daniela Castellanos Reyes,Peng He
Praveen Meduri,Enyu Zhou
Praveen Meduri,Emily Bonem
Praveen Meduri,Hyeon-Ah Kang
Praveen Meduri,Vipin Verma
Praveen Meduri,Matthew Moreno
Praveen Meduri,Emily Bonem
Praveen Meduri,Alfredo Leon
Praveen Meduri,Catherine Manly
Praveen Meduri,Korah Wiley
Melinda Whitford,Andy Parra Martinez
Melinda Whitford,Emily Bonem
Melinda Whitford,Hyeon-Ah Kang
Melinda Whitford,Vipin Verma
Melinda Whitford,Daniela Castellanos Reyes
Melinda Whitford,Cynthia Lima
Melinda Whitford,Jeanne McClure
Melinda Whitford,AJ Edson
Melinda Whitford,Peng Lu
Andy Parra Martinez,Hongwei Yu
Andy Parra Martinez,Angela Hemingway
Andy Parra Martinez,Hyeon-Ah Kang
Andy Parra Martinez,Vipin Verma
Andy Parra Martinez,Matthew Moreno
Andy Parra Martinez,Taren Going
Andy Parra Martinez,"Liliana	Donchik Belkin"
Andy Parra Martinez,AJ Edson
Andy Parra Martinez,Deborah Cockerham
Catherine Manly,Praveen Meduri
Catherine Manly,Suzhen Duan
Catherine Manly,Yingxiao Qian
Catherine Manly,Victor Law
Catherine Manly,Fei Gao
Catherine Manly,AJ Edson
Catherine Manly,Matthew Moreno
Catherine Manly,Ning Wang
Catherine Manly,Peng He
Fan Xu,Enyu Zhou
Fan Xu,Suzhen Duan
Fan Xu,Cynthia Lima
Fan Xu,Victor Law
Fan Xu,Daniela Castellanos Reyes
Fan Xu,Jin Liu
Fan Xu,Yingxiao Qian
Fan Xu,Catherine Manly
Fan Xu,Megan Atha
Peng Lu,Yu Bao
Peng Lu,Enyu Zhou
Peng Lu,Seung Lee
Peng Lu,Jianlin Hou
Peng Lu,Daniela Castellanos Reyes
Peng Lu,Fan Xu
Peng Lu,Yingxiao Qian
Peng Lu,Catherine Manly
Peng Lu,Peng Lu
Clement Yedjou,Seung Lee
Clement Yedjou,Le Shornn Benjamin
Clement Yedjou,Hyeon-Ah Kang
Clement Yedjou,Vipin Verma
Clement Yedjou,Fei Gao
Clement Yedjou,Suzhen Duan
Clement Yedjou,Korah Wiley
Clement Yedjou,AJ Edson
Clement Yedjou,Hongwei Yu
Hyeon-Ah Kang,Erin Ottmar
Hyeon-Ah Kang,Enyu Zhou
Hyeon-Ah Kang,Fan Xu
Hyeon-Ah Kang,Vipin Verma
Hyeon-Ah Kang,Daniela Castellanos Reyes
Hyeon-Ah Kang,Hongwei Yu
Hyeon-Ah Kang,Taren Going
Hyeon-Ah Kang,Aj Edson
Hyeon-Ah Kang,Peng Lu
Erin Ottmar,Jihyun Yu
Erin Ottmar,Angela Hemingway
Erin Ottmar,Hyeon-Ah Kang
Erin Ottmar,Le Shornn Benjamin
Erin Ottmar,Seung Lee
Erin Ottmar,Ceren Ocak
Erin Ottmar,Taren Going
Erin Ottmar,Aj Edson
Erin Ottmar,Eunsung Park
Seung Lee,Itauma Itauma
Seung Lee,Cynthia Lima
Seung Lee,Jin Liu
Seung Lee,Victor Law
Seung Lee,Matthew Moreno
Seung Lee,Jihyun Yu
Seung Lee,Taren Going
Seung Lee,Erin Ottmar
Seung Lee,Eunsung Park
Matthew Moreno,Andy Parra Martinez
Matthew Moreno,Catherine Manly
Matthew Moreno,Yingxiao Qian
Matthew Moreno,Victor Law
Matthew Moreno,Seung Lee
Matthew Moreno,Megan Atha
Matthew Moreno,"Liliana	Donchik Belkin"
Matthew Moreno,Aj Edson
Matthew Moreno,Peng He
"Liliana	Donchik Belkin",Fan Xu
"Liliana	Donchik Belkin",Suzhen Duan
"Liliana	Donchik Belkin",Fei Gao
"Liliana	Donchik Belkin",Le Shornn Benjamin
"Liliana	Donchik Belkin",Matthew Moreno
"Liliana	Donchik Belkin",Mia Williams
"Liliana	Donchik Belkin",Aj Edson
"Liliana	Donchik Belkin",Megan Atha
Alfredo Leon,Andy Parra Martinez
Alfredo Leon,Emily Bonem
Alfredo Leon,Hyeon-Ah Kang
Alfredo Leon,Praveen Meduri
Alfredo Leon,Daniela Castellanos Reyes
Alfredo Leon,Peng Lu
Alfredo Leon,Melinda Whitford
Alfredo Leon,Aj Edson
Alfredo Leon,Peng He
Ceren Ocak,Yu Bao
Ceren Ocak,Zhen Xu
Ceren Ocak,Xiaowen Chen
Ceren Ocak,Itauma Itauma
Ceren Ocak,Nikki Lobczowski
Ceren Ocak,Seung Lee
Ceren Ocak,Taren Going
Ceren Ocak,Erin Ottmar
Ceren Ocak,Eunsung Park
Jianlin Hou,Yu Bao
Jianlin Hou,Angela Hemingway
Jianlin Hou,Xiaowen Chen
Jianlin Hou,Le Shornn Benjamin
Jianlin Hou,Fei Gao
Jianlin Hou,Yingxiao Qian
Jianlin Hou,Jin Liu
Jianlin Hou,Joshua Rosenberg
Jianlin Hou,Megan Atha
Taren Going,Erin Ottmar
Taren Going,Enyu Zhou
Taren Going,Hyeon-Ah Kang
Taren Going,Le Shornn Benjamin
Taren Going,Seung Lee
Taren Going,Yu Bao
Taren Going,"Liliana	Donchik Belkin"
Taren Going,Aj Edson
Taren Going,Nikki Lobczowski
Jin Liu,Fan Xu
Jin Liu,Itauma Itauma
Jin Liu,Jin Lee
Jin Liu,Jianlin Hou
Jin Liu,Fei Gao
Jin Liu,Tacey Rodgers
Jin Liu,Cynthia Lima
Jin Liu,Eunsung Park
Jin Liu,Megan Atha
Yingxiao Qian,Fan Xu
Yingxiao Qian,Suzhen Duan
Yingxiao Qian,Cynthia Lima
Yingxiao Qian,Jianlin Hou
Yingxiao Qian,Vipin Verma
Yingxiao Qian,Jin Liu
Yingxiao Qian,"Liliana	Donchik Belkin"
Yingxiao Qian,Ceren Ocak
Yingxiao Qian,Megan Atha
Peng He,Hongwei Yu
Peng He,Emily Bonem
Peng He,Hyeon-Ah Kang
Peng He,Victor Law
Peng He,Daniela Castellanos Reyes
Peng He,Melinda Whitford
Peng He,Matthew Moreno
Peng He,Catherine Manly
Peng He,Eunsung Park
Emily Bonem,Ning Wang
Emily Bonem,Angela Hemingway
Emily Bonem,Hyeon-Ah Kang
Emily Bonem,Vipin Verma
Emily Bonem,Daniela Castellanos Reyes
Emily Bonem,Melinda Whitford
Emily Bonem,Mia Williams
Emily Bonem,Aj Edson
Emily Bonem,Eunsung Park
Yu Bao,Jin Liu
Yu Bao,Suzhen Duan
Yu Bao,Xiaowen Chen
Yu Bao,Jianlin Hou
Yu Bao,Fei Gao
Yu Bao,Taren Going
Yu Bao,Yingxiao Qian
Yu Bao,Ceren Ocak
Yu Bao,Clement Yedjou
Jin Lee,Itauma Itauma
Jin Lee,Cynthia Lima
Jin Lee,Xiaowen Chen
Jin Lee,Le Shornn Benjamin
Jin Lee,Deborah Cockerham
Jin Lee,Eunsung Park
Jin Lee,Tacey Rodgers
Jin Lee,Shaun Kelogg
Jin Lee,Eunsung Park
Tacey Rodgers,Hyeon-Ah Kang
Tacey Rodgers,Cynthia Lima
Tacey Rodgers,Xiaowen Chen
Tacey Rodgers,Le Shornn Benjamin
Tacey Rodgers,Deborah Cockerham
Tacey Rodgers,Eunsung Park
Tacey Rodgers,Jeanne McClure
Tacey Rodgers,Shaun Kelogg
Tacey Rodgers,Joshua Rosenberg
Eunsung Park,Itauma Itauma
Eunsung Park,Cynthia Lima
Eunsung Park,Xiaowen Chen
Eunsung Park,vipin Verma
Eunsung Park,Fei Gao
Eunsung Park,Jin Lee
Eunsung Park,Tacey Rodgers
Eunsung Park,Aj Edson
Eunsung Park,Hongwei Yu
Cynthia Lima,Itauma Itauma
Cynthia Lima,Suzhen Duan
Cynthia Lima,Xiaowen Chen
Cynthia Lima,Le Shornn Benjamin
Cynthia Lima,Daniela Castellanos Reyes
Cynthia Lima,Jin Lee
Cynthia Lima,Tacey Rodgers
Cynthia Lima,Shaun Kelogg
Cynthia Lima,Eunsung Park
Aj Edson,Hongwei Yu
Aj Edson,Zhen Xu
Aj Edson,Hyeon-Ah Kang
Aj Edson,Vipin Verma
Aj Edson,Nikki Lobczowski
Aj Edson,Emily Bonem
Aj Edson,Mia Williams
Aj Edson,Ning Wang
Aj Edson,Eunsung Park